door1,door4,door6,endExploreRecorder,endTest,startExploreRecorder,startTest,null
null,null,null,null,null,null,null,null
null,null,null,null,null,null,10:50:49.032363500,null
null,null,null,null,null,null,null,null
null,null,null,null,null,null,null,null
null,null,null,null,null,null,null,null
null,null,null,null,null,null,null,null
null,null,null,null,null,null,null,null
null,null,null,null,null,null,null,null
null,null,null,null,null,10:50:49.851856500,null,null
null,null,null,null,null,null,null,null
null,null,null,null,null,null,null,null
null,null,null,null,null,null,null,null
null,null,null,null,null,null,null,null
null,null,null,null,null,null,null,null
null,null,null,null,null,null,null,null
null,null,null,null,null,null,null,null
null,null,null,null,null,null,null,null
null,null,null,null,null,null,null,null
null,null,null,null,null,null,null,null
null,null,null,null,null,null,null,null
null,null,null,10:50:51.966338900,null,null,null,null
null,null,null,null,null,null,null,null
null,null,null,null,null,null,null,null
null,null,null,null,null,null,null,null
null,null,null,null,null,null,null,null
null,null,null,null,null,null,null,null
null,null,null,null,null,null,null,null
null,null,null,null,null,null,null,null
null,null,null,null,null,null,null,null
null,null,null,null,null,null,null,null
null,null,null,null,null,null,null,null
10:50:53.187985900,null,null,null,null,null,null,null
null,null,null,null,null,null,null,null
null,null,null,null,null,null,null,null
null,null,null,null,null,null,null,null
null,null,null,null,null,null,null,null
null,null,null,null,null,null,null,null
null,null,null,null,null,null,null,null
null,null,null,null,null,null,null,null
null,null,null,null,null,null,null,null
null,null,null,null,null,null,null,null
null,null,null,null,null,null,null,null
null,null,null,null,null,null,null,null
null,null,null,null,null,null,null,null
null,null,null,null,null,null,null,null
null,null,null,null,null,null,null,null
null,null,null,null,null,null,null,null
null,null,null,null,null,null,null,null
null,null,null,null,null,null,null,null
null,null,null,null,null,null,null,null
null,null,null,null,null,null,null,null
null,null,null,null,null,null,null,null
null,null,null,null,null,null,null,null
null,null,null,null,null,null,null,null
null,null,null,null,null,null,null,null
null,null,null,null,null,null,null,null
null,null,null,null,null,null,null,null
null,null,null,null,null,null,null,null
null,null,null,null,null,null,null,null
null,null,null,null,null,null,null,null
null,null,null,null,null,null,null,null
null,null,null,null,null,10:50:58.204458,null,null
null,null,null,null,null,null,null,null
null,null,null,null,null,null,null,null
null,null,null,null,null,null,null,null
null,null,null,null,null,null,null,null
null,null,null,null,null,null,null,null
null,null,null,null,null,null,null,null
null,null,null,null,null,null,null,null
null,null,null,null,null,null,null,null
null,null,null,null,null,null,null,null
null,null,null,null,null,null,null,null
null,null,null,null,null,null,null,null
null,null,null,10:50:59.564240300,null,null,null,null
null,null,null,null,null,null,null,null
null,null,null,null,null,null,null,null
null,null,null,null,null,null,null,null
null,null,null,null,null,null,null,null
null,null,null,null,null,null,null,null
null,null,null,null,null,null,null,null
null,null,null,null,null,null,null,null
null,null,null,null,null,null,null,null
null,null,null,null,null,null,null,null
null,null,null,null,null,null,null,null
null,null,null,null,null,null,null,null
null,null,null,null,null,null,null,null
null,null,null,null,null,null,null,null
null,null,null,null,null,null,null,null
null,null,null,null,null,null,null,null
null,null,null,null,null,null,null,null
null,null,null,null,null,null,null,null
null,null,null,null,null,null,null,null
null,null,null,null,null,null,null,null
null,null,null,null,null,null,null,null
null,null,null,null,null,null,null,null
null,null,null,null,null,null,null,null
null,null,null,null,null,null,null,null
null,null,null,null,null,null,null,null
null,null,null,null,null,null,null,null
null,null,null,null,null,null,null,null
null,null,null,null,null,null,null,null
null,null,null,null,null,null,null,null
null,null,null,null,null,10:51:03.021539500,null,null
null,null,null,null,null,null,null,null
null,null,null,null,null,null,null,null
null,null,null,null,null,null,null,null
null,null,null,null,null,null,null,null
null,null,null,null,null,null,null,null
null,null,null,null,null,null,null,null
null,null,null,null,null,null,null,null
null,null,null,null,null,null,null,null
null,null,null,null,null,null,null,null
null,null,null,null,null,null,null,null
null,null,null,null,null,null,null,null
null,null,null,10:51:04.393361600,null,null,null,null
null,null,null,null,null,null,null,null
null,null,null,null,null,null,null,null
null,null,null,null,null,null,null,null
null,null,null,null,null,null,null,null
null,null,null,null,null,null,null,null
null,null,null,null,null,10:51:05.002729600,null,null
null,null,null,null,null,null,null,null
null,null,null,null,null,null,null,null
null,null,null,null,null,null,null,null
null,null,null,null,null,null,null,null
null,null,null,null,null,null,null,null
null,null,null,null,null,null,null,null
null,null,null,null,null,null,null,null
null,null,null,null,null,null,null,null
null,null,null,null,null,null,null,null
null,null,null,null,null,null,null,null
null,null,null,null,null,null,null,null
null,null,null,10:51:06.353960100,null,null,null,null
null,null,null,null,null,null,null,null
null,null,null,null,null,null,null,null
null,null,null,null,null,null,null,null
null,null,null,null,null,null,null,null
null,null,null,null,null,null,null,null
null,null,null,null,null,10:51:06.939373700,null,null
null,null,null,null,null,null,null,null
null,null,null,null,null,null,null,null
null,null,null,null,null,null,null,null
null,null,null,null,null,null,null,null
null,null,null,null,null,null,null,null
null,null,null,null,null,null,null,null
null,null,null,null,null,null,null,null
null,null,null,null,null,null,null,null
null,null,null,null,null,null,null,null
null,null,null,null,null,null,null,null
null,null,null,null,null,null,null,null
null,null,null,10:51:08.286984100,null,null,null,null
null,null,null,null,null,null,null,null
null,null,null,null,null,null,null,null
null,null,null,null,null,null,null,null
null,null,null,null,null,null,null,null
null,null,null,null,null,null,null,null
null,null,null,null,null,10:51:08.865719800,null,null
null,null,null,null,null,null,null,null
null,null,null,null,null,null,null,null
null,null,null,null,null,null,null,null
null,null,null,null,null,null,null,null
null,null,null,null,null,null,null,null
null,null,null,null,null,null,null,null
null,null,null,null,null,null,null,null
null,null,null,null,null,null,null,null
null,null,null,null,null,null,null,null
null,null,null,null,null,null,null,null
null,null,null,null,null,null,null,null
null,null,null,10:51:10.219756100,null,null,null,null
null,null,null,null,null,null,null,null
null,null,null,null,null,null,null,null
null,null,null,null,null,null,null,null
null,null,null,null,null,null,null,null
null,null,null,null,null,null,null,null
null,null,null,null,null,10:51:10.792433100,null,null
null,null,null,null,null,null,null,null
null,null,null,null,null,null,null,null
null,null,null,null,null,null,null,null
null,null,null,null,null,null,null,null
null,null,null,null,null,null,null,null
null,null,null,null,null,null,null,null
null,null,null,null,null,null,null,null
null,null,null,null,null,null,null,null
null,null,null,null,null,null,null,null
null,null,null,null,null,null,null,null
null,null,null,null,null,null,null,null
null,null,null,10:51:12.150347200,null,null,null,null
null,null,null,null,null,null,null,null
null,null,null,null,null,null,null,null
null,null,null,null,null,null,null,null
null,null,null,null,null,null,null,null
null,null,null,null,null,null,null,null
null,null,null,null,null,10:51:12.742583900,null,null
null,null,null,null,null,null,null,null
null,null,null,null,null,null,null,null
null,null,null,null,null,null,null,null
null,null,null,null,null,null,null,null
null,null,null,null,null,null,null,null
null,null,null,null,null,null,null,null
null,null,null,null,null,null,null,null
null,null,null,null,null,null,null,null
null,null,null,null,null,null,null,null
null,null,null,null,null,null,null,null
null,null,null,null,null,null,null,null
null,null,null,10:51:14.093884,null,null,null,null
null,null,null,null,null,null,null,null
null,null,null,null,null,null,null,null
null,null,null,null,null,null,null,null
null,null,null,null,null,null,null,null
null,null,null,null,null,null,null,null
null,null,null,null,null,10:51:14.694817,null,null
null,null,null,null,null,null,null,null
null,null,null,null,null,null,null,null
null,null,null,null,null,null,null,null
null,null,null,null,null,null,null,null
null,null,null,null,null,null,null,null
null,null,null,null,null,null,null,null
null,null,null,null,null,null,null,null
null,null,null,null,null,null,null,null
null,null,null,null,null,null,null,null
null,null,null,null,null,null,null,null
null,null,null,null,null,null,null,null
null,null,null,10:51:16.755348300,null,null,null,null
null,null,null,null,null,null,null,null
null,null,null,null,null,null,null,null
null,null,null,null,null,null,null,null
null,null,null,null,null,null,null,null
null,null,null,null,null,null,null,null
null,null,null,null,null,null,null,null
null,null,null,null,null,null,null,null
null,null,null,null,null,null,null,null
null,null,null,null,null,null,null,null
null,null,null,null,null,null,null,null
null,null,null,null,null,null,null,null
null,null,null,null,null,null,null,null
null,null,null,null,null,null,null,null
null,null,null,null,null,null,null,null
null,null,null,null,null,null,null,null
null,null,null,null,null,null,null,null
null,null,null,null,null,null,null,null
null,10:51:18.879956800,null,null,null,null,null,null
null,null,null,null,null,null,null,null
null,null,null,null,null,null,null,null
null,null,null,null,null,null,null,null
null,null,null,null,null,null,null,null
null,null,null,null,null,null,null,null
null,null,null,null,null,null,null,null
null,null,null,null,null,null,null,null
null,null,null,null,null,null,null,null
null,null,null,null,null,null,null,null
null,null,null,null,null,null,null,null
null,null,null,null,null,null,null,null
null,null,null,null,null,null,null,null
null,null,null,null,null,null,null,null
null,null,null,null,null,null,null,null
null,null,null,null,null,null,null,null
null,null,null,null,null,null,null,null
null,null,null,null,null,null,null,null
null,null,null,null,null,null,null,null
null,null,null,null,null,null,null,null
null,null,null,null,null,null,null,null
null,null,null,null,null,null,null,null
null,null,null,null,null,null,null,null
null,null,null,null,null,null,null,null
null,null,null,null,null,null,null,null
null,null,null,null,null,null,null,null
null,null,null,null,null,null,null,null
null,null,null,null,null,null,null,null
null,null,null,null,null,null,null,null
null,null,null,null,null,null,null,null
null,null,null,null,null,null,null,null
null,null,null,null,null,null,null,null
null,null,null,null,null,null,null,null
null,null,null,null,null,null,null,null
null,null,null,null,null,null,null,null
null,null,null,null,null,null,null,null
null,null,null,null,null,null,null,null
null,null,null,null,null,null,null,null
null,null,null,null,null,null,null,null
null,null,null,null,null,null,null,null
null,null,null,null,null,null,null,null
null,null,null,null,null,null,null,null
null,null,null,null,null,null,null,null
null,null,null,null,null,null,null,null
null,null,null,null,null,null,null,null
null,null,null,null,null,null,null,null
null,null,null,null,null,null,null,null
null,null,null,null,null,null,null,null
null,null,null,null,null,null,null,null
null,null,null,null,null,null,null,null
null,null,null,null,null,null,null,null
null,null,null,null,null,null,null,null
null,null,null,null,null,null,null,null
null,null,null,null,null,null,null,null
null,null,null,null,null,null,null,null
null,null,null,null,null,null,null,null
null,null,null,null,null,null,null,null
null,null,null,null,null,null,null,null
null,null,null,null,null,null,null,null
null,null,null,null,null,null,null,null
null,null,null,null,null,null,null,null
null,null,null,null,null,null,null,null
null,null,null,null,null,null,null,null
null,null,null,null,null,null,null,null
null,null,null,null,null,null,null,null
null,null,null,null,null,null,null,null
null,null,null,null,null,null,null,null
null,null,null,null,null,null,null,null
null,null,null,null,null,null,null,null
null,null,null,null,null,null,null,null
null,null,null,null,null,null,null,null
null,null,null,null,null,null,null,null
null,null,null,null,null,null,null,null
null,null,null,null,null,null,null,null
null,null,null,null,null,null,null,null
null,null,null,null,null,null,null,null
null,null,null,null,null,null,null,null
null,null,null,null,null,null,null,null
null,null,null,null,null,null,null,null
null,null,null,null,null,null,null,null
null,null,null,null,null,null,null,null
null,null,null,null,null,null,null,null
null,null,null,null,null,null,null,null
null,null,null,null,null,null,null,null
null,null,null,null,null,null,null,null
null,null,null,null,null,null,null,null
null,null,null,null,null,null,null,null
null,null,null,null,null,null,null,null
null,null,null,null,null,null,null,null
null,null,null,null,null,null,null,null
null,null,null,null,null,null,null,null
null,null,null,null,null,null,null,null
null,null,null,null,null,null,null,null
null,null,null,null,null,null,null,null
null,null,null,null,null,null,null,null
null,null,null,null,null,null,null,null
null,null,null,null,null,null,null,null
null,null,null,null,null,null,null,null
null,null,null,null,null,null,null,null
null,null,null,null,null,null,null,null
null,null,null,null,null,null,null,null
null,null,null,null,null,null,null,null
null,null,null,null,null,null,null,null
null,null,null,null,null,null,null,null
null,null,null,null,null,null,null,null
null,null,null,null,null,null,null,null
null,null,null,null,null,null,null,null
null,null,null,null,null,null,null,null
null,null,null,null,null,null,null,null
null,null,null,null,null,null,null,null
null,null,null,null,null,null,null,null
null,null,null,null,null,null,null,null
null,null,null,null,null,null,null,null
null,null,null,null,null,null,null,null
null,null,null,null,null,null,null,null
null,null,null,null,null,null,null,null
null,null,null,null,null,null,null,null
null,null,null,null,null,null,null,null
null,null,null,null,null,null,null,null
null,null,null,null,null,null,null,null
null,null,null,null,null,10:51:36.505072300,null,null
null,null,null,null,null,null,null,null
null,null,null,null,null,null,null,null
null,null,null,null,null,null,null,null
null,null,null,null,null,null,null,null
null,null,null,null,null,null,null,null
null,null,null,null,null,null,null,null
null,null,null,null,null,null,null,null
null,null,null,null,null,null,null,null
null,null,null,null,null,null,null,null
null,null,null,null,null,null,null,null
null,null,null,null,null,null,null,null
null,null,null,10:51:37.859027200,null,null,null,null
null,null,null,null,null,null,null,null
null,null,null,null,null,null,null,null
null,null,null,null,null,null,null,null
null,null,null,null,null,null,null,null
null,null,null,null,null,null,null,null
null,null,null,null,null,null,null,null
null,null,null,null,null,null,null,null
null,null,null,null,null,null,null,null
null,null,null,null,null,null,null,null
null,null,null,null,null,10:51:38.855032800,null,null
null,null,null,null,null,null,null,null
null,null,null,null,null,null,null,null
null,null,null,null,null,null,null,null
null,null,null,null,null,null,null,null
null,null,null,null,null,null,null,null
null,null,null,null,null,null,null,null
null,null,null,null,null,null,null,null
null,null,null,null,null,null,null,null
null,null,null,null,null,null,null,null
null,null,null,null,null,null,null,null
null,null,null,null,null,null,null,null
null,null,null,10:51:40.846072200,null,null,null,null
null,null,null,null,null,null,null,null
null,null,null,null,null,null,null,null
null,null,null,null,null,null,null,null
null,null,null,null,null,null,null,null
null,null,null,null,null,null,null,null
null,null,null,null,null,null,null,null
null,null,null,null,null,null,null,null
null,null,null,null,null,null,null,null
null,null,null,null,null,null,null,null
null,null,null,null,null,null,null,null
null,null,null,null,null,10:51:41.986973600,null,null
null,null,null,null,null,null,null,null
null,null,null,null,null,null,null,null
null,null,null,null,null,null,null,null
null,null,null,null,null,null,null,null
null,null,null,null,null,null,null,null
null,null,null,null,null,null,null,null
null,null,null,null,null,null,null,null
null,null,null,null,null,null,null,null
null,null,null,null,null,null,null,null
null,null,null,null,null,null,null,null
null,null,null,null,null,null,null,null
null,null,null,10:51:43.312407100,null,null,null,null
null,null,null,null,null,null,null,null
null,null,null,null,null,null,null,null
null,null,null,null,null,null,null,null
null,null,null,null,null,null,null,null
null,null,null,null,null,null,null,null
null,null,null,null,null,null,null,null
null,null,null,null,null,null,null,null
null,null,null,null,null,null,null,null
null,null,null,null,null,null,null,null
null,null,null,null,null,10:51:44.361215700,null,null
null,null,null,null,null,null,null,null
null,null,null,null,null,null,null,null
null,null,null,null,null,null,null,null
null,null,null,null,null,null,null,null
null,null,null,null,null,null,null,null
null,null,null,null,null,null,null,null
null,null,null,null,null,null,null,null
null,null,null,null,null,null,null,null
null,null,null,null,null,null,null,null
null,null,null,null,null,null,null,null
null,null,null,null,null,null,null,null
null,null,null,10:51:46.366091200,null,null,null,null
null,null,null,null,null,null,null,null
null,null,null,null,null,null,null,null
null,null,null,null,null,null,null,null
null,null,null,null,null,null,null,null
null,null,null,null,null,null,null,null
null,null,null,null,null,null,null,null
null,null,null,null,null,null,null,null
null,null,null,null,null,null,null,null
null,null,null,null,null,null,null,null
null,null,null,null,null,null,null,null
null,null,null,null,null,10:51:47.528990900,null,null
null,null,null,null,null,null,null,null
null,null,null,null,null,null,null,null
null,null,null,null,null,null,null,null
null,null,null,null,null,null,null,null
null,null,null,null,null,null,null,null
null,null,null,null,null,null,null,null
null,null,null,null,null,null,null,null
null,null,null,null,null,null,null,null
null,null,null,null,null,null,null,null
null,null,null,null,null,null,null,null
null,null,null,null,null,null,null,null
null,null,null,10:51:48.870647500,null,null,null,null
null,null,null,null,null,null,null,null
null,null,null,null,null,null,null,null
null,null,null,null,null,null,null,null
null,null,null,null,null,null,null,null
null,null,null,null,null,null,null,null
null,null,null,null,null,null,null,null
null,null,null,null,null,null,null,null
null,null,null,null,null,null,null,null
null,null,null,null,null,null,null,null
null,null,null,null,null,10:51:49.935009,null,null
null,null,null,null,null,null,null,null
null,null,null,null,null,null,null,null
null,null,null,null,null,null,null,null
null,null,null,null,null,null,null,null
null,null,null,null,null,null,null,null
null,null,null,null,null,null,null,null
null,null,null,null,null,null,null,null
null,null,null,null,null,null,null,null
null,null,null,null,null,null,null,null
null,null,null,null,null,null,null,null
null,null,null,null,null,null,null,null
null,null,null,10:51:51.286474100,null,null,null,null
null,null,null,null,null,null,null,null
null,null,null,null,null,null,null,null
null,null,null,null,null,null,null,null
null,null,null,null,null,null,null,null
null,null,null,null,null,null,null,null
null,null,null,null,null,null,null,null
null,null,null,null,null,null,null,null
null,null,null,null,null,null,null,null
null,null,null,null,null,null,null,null
null,null,null,null,null,10:51:52.303725700,null,null
null,null,null,null,null,null,null,null
null,null,null,null,null,null,null,null
null,null,null,null,null,null,null,null
null,null,null,null,null,null,null,null
null,null,null,null,null,null,null,null
null,null,null,null,null,null,null,null
null,null,null,null,null,null,null,null
null,null,null,null,null,null,null,null
null,null,null,null,null,null,null,null
null,null,null,null,null,null,null,null
null,null,null,null,null,null,null,null
null,null,null,10:51:53.666796600,null,null,null,null
null,null,null,null,null,null,null,null
null,null,null,null,null,null,null,null
null,null,null,null,null,null,null,null
null,null,null,null,null,null,null,null
null,null,null,null,null,null,null,null
null,null,null,null,null,null,null,null
null,null,null,null,null,null,null,null
null,null,null,null,null,null,null,null
null,null,null,null,null,null,null,null
null,null,null,null,null,10:51:54.699180,null,null
null,null,null,null,null,null,null,null
null,null,null,null,null,null,null,null
null,null,null,null,null,null,null,null
null,null,null,null,null,null,null,null
null,null,null,null,null,null,null,null
null,null,null,null,null,null,null,null
null,null,null,null,null,null,null,null
null,null,null,null,null,null,null,null
null,null,null,null,null,null,null,null
null,null,null,null,null,null,null,null
null,null,null,null,null,null,null,null
null,null,null,10:51:56.068026700,null,null,null,null
null,null,null,null,null,null,null,null
null,null,null,null,null,null,null,null
null,null,null,null,null,null,null,null
null,null,null,null,null,null,null,null
null,null,null,null,null,null,null,null
null,null,null,null,null,null,null,null
null,null,null,null,null,null,null,null
null,null,null,null,null,null,null,null
null,null,null,null,null,null,null,null
null,null,null,null,null,10:51:57.103318600,null,null
null,null,null,null,null,null,null,null
null,null,null,null,null,null,null,null
null,null,null,null,null,null,null,null
null,null,null,null,null,null,null,null
null,null,null,null,null,null,null,null
null,null,null,null,null,null,null,null
null,null,null,null,null,null,null,null
null,null,null,null,null,null,null,null
null,null,null,null,null,null,null,null
null,null,null,null,null,null,null,null
null,null,null,null,null,null,null,null
null,null,null,10:51:58.424273,null,null,null,null
null,null,null,null,null,null,null,null
null,null,null,null,null,null,null,null
null,null,null,null,null,null,null,null
null,null,null,null,null,null,null,null
null,null,null,null,null,null,null,null
null,null,null,null,null,null,null,null
null,null,null,null,null,null,null,null
null,null,null,null,null,null,null,null
null,null,null,null,null,null,null,null
null,null,null,null,null,10:51:59.482585800,null,null
null,null,null,null,null,null,null,null
null,null,null,null,null,null,null,null
null,null,null,null,null,null,null,null
null,null,null,null,null,null,null,null
null,null,null,null,null,null,null,null
null,null,null,null,null,null,null,null
null,null,null,null,null,null,null,null
null,null,null,null,null,null,null,null
null,null,null,null,null,null,null,null
null,null,null,null,null,null,null,null
null,null,null,null,null,null,null,null
null,null,null,10:52:00.854566100,null,null,null,null
null,null,null,null,null,null,null,null
null,null,null,null,null,null,null,null
null,null,null,null,null,null,null,null
null,null,null,null,null,null,null,null
null,null,null,null,null,null,null,null
null,null,null,null,null,null,null,null
null,null,null,null,null,null,null,null
null,null,null,null,null,null,null,null
null,null,null,null,null,null,null,null
null,null,null,null,null,10:52:01.923905300,null,null
null,null,null,null,null,null,null,null
null,null,null,null,null,null,null,null
null,null,null,null,null,null,null,null
null,null,null,null,null,null,null,null
null,null,null,null,null,null,null,null
null,null,null,null,null,null,null,null
null,null,null,null,null,null,null,null
null,null,null,null,null,null,null,null
null,null,null,null,null,null,null,null
null,null,null,null,null,null,null,null
null,null,null,null,null,null,null,null
null,null,null,10:52:03.267422100,null,null,null,null
null,null,null,null,null,null,null,null
null,null,null,null,null,null,null,null
null,null,null,null,null,null,null,null
null,null,null,null,null,null,null,null
null,null,null,null,null,null,null,null
null,null,null,null,null,null,null,null
null,null,null,null,null,null,null,null
null,null,null,null,null,null,null,null
null,null,null,null,null,null,null,null
null,null,null,null,null,10:52:04.324418400,null,null
null,null,null,null,null,null,null,null
null,null,null,null,null,null,null,null
null,null,null,null,null,null,null,null
null,null,null,null,null,null,null,null
null,null,null,null,null,null,null,null
null,null,null,null,null,null,null,null
null,null,null,null,null,null,null,null
null,null,null,null,null,null,null,null
null,null,null,null,null,null,null,null
null,null,null,null,null,null,null,null
null,null,null,null,null,null,null,null
null,null,null,10:52:05.665884700,null,null,null,null
null,null,null,null,null,null,null,null
null,null,null,null,null,null,null,null
null,null,null,null,null,null,null,null
null,null,null,null,null,null,null,null
null,null,null,null,null,null,null,null
null,null,null,null,null,null,null,null
null,null,null,null,null,null,null,null
null,null,null,null,null,null,null,null
null,null,null,null,null,null,null,null
null,null,null,null,null,10:52:06.721797,null,null
null,null,null,null,null,null,null,null
null,null,null,null,null,null,null,null
null,null,null,null,null,null,null,null
null,null,null,null,null,null,null,null
null,null,null,null,null,null,null,null
null,null,null,null,null,null,null,null
null,null,null,null,null,null,null,null
null,null,null,null,null,null,null,null
null,null,null,null,null,null,null,null
null,null,null,null,null,null,null,null
null,null,null,null,null,null,null,null
null,null,null,10:52:08.032129600,null,null,null,null
null,null,null,null,null,null,null,null
null,null,null,null,null,null,null,null
null,null,null,null,null,null,null,null
null,null,null,null,null,null,null,null
null,null,null,null,null,null,null,null
null,null,null,null,null,null,null,null
null,null,null,null,null,null,null,null
null,null,null,null,null,null,null,null
null,null,null,null,null,null,null,null
null,null,null,null,null,10:52:09.073344200,null,null
null,null,null,null,null,null,null,null
null,null,null,null,null,null,null,null
null,null,null,null,null,null,null,null
null,null,null,null,null,null,null,null
null,null,null,null,null,null,null,null
null,null,null,null,null,null,null,null
null,null,null,null,null,null,null,null
null,null,null,null,null,null,null,null
null,null,null,null,null,null,null,null
null,null,null,null,null,null,null,null
null,null,null,null,null,null,null,null
null,null,null,10:52:10.421857700,null,null,null,null
null,null,null,null,null,null,null,null
null,null,null,null,null,null,null,null
null,null,null,null,null,null,null,null
null,null,null,null,null,null,null,null
null,null,null,null,null,null,null,null
null,null,null,null,null,null,null,null
null,null,null,null,null,null,null,null
null,null,null,null,null,null,null,null
null,null,null,null,null,null,null,null
null,null,null,null,null,10:52:11.485023800,null,null
null,null,null,null,null,null,null,null
null,null,null,null,null,null,null,null
null,null,null,null,null,null,null,null
null,null,null,null,null,null,null,null
null,null,null,null,null,null,null,null
null,null,null,null,null,null,null,null
null,null,null,null,null,null,null,null
null,null,null,null,null,null,null,null
null,null,null,null,null,null,null,null
null,null,null,null,null,null,null,null
null,null,null,null,null,null,null,null
null,null,null,10:52:12.851139100,null,null,null,null
null,null,null,null,null,null,null,null
null,null,null,null,null,null,null,null
null,null,null,null,null,null,null,null
null,null,null,null,null,null,null,null
null,null,null,null,null,null,null,null
null,null,null,null,null,null,null,null
null,null,null,null,null,null,null,null
null,null,null,null,null,null,null,null
null,null,null,null,null,null,null,null
null,null,null,null,null,10:52:13.871831300,null,null
null,null,null,null,null,null,null,null
null,null,null,null,null,null,null,null
null,null,null,null,null,null,null,null
null,null,null,null,null,null,null,null
null,null,null,null,null,null,null,null
null,null,null,null,null,null,null,null
null,null,null,null,null,null,null,null
null,null,null,null,null,null,null,null
null,null,null,null,null,null,null,null
null,null,null,null,null,null,null,null
null,null,null,null,null,null,null,null
null,null,null,10:52:15.908844900,null,null,null,null
null,null,null,null,null,null,null,null
null,null,null,null,null,null,null,null
null,null,null,null,null,null,null,null
null,null,null,null,null,null,null,null
null,null,null,null,null,null,null,null
null,null,null,null,null,null,null,null
null,null,null,null,null,null,null,null
null,null,null,null,null,null,null,null
null,null,null,null,null,null,null,null
null,null,null,null,null,null,null,null
null,null,null,null,null,10:52:17.052711900,null,null
null,null,null,null,null,null,null,null
null,null,null,null,null,null,null,null
null,null,null,null,null,null,null,null
null,null,null,null,null,null,null,null
null,null,null,null,null,null,null,null
null,null,null,null,null,null,null,null
null,null,null,null,null,null,null,null
null,null,null,null,null,null,null,null
null,null,null,null,null,null,null,null
null,null,null,null,null,null,null,null
null,null,null,null,null,null,null,null
null,null,null,10:52:18.480171,null,null,null,null
null,null,null,null,null,null,null,null
null,null,null,null,null,null,null,null
null,null,null,null,null,null,null,null
null,null,null,null,null,null,null,null
null,null,null,null,null,null,null,null
null,null,null,null,null,null,null,null
null,null,null,null,null,null,null,null
null,null,null,null,null,null,null,null
null,null,null,null,null,null,null,null
null,null,null,null,null,10:52:19.592515100,null,null
null,null,null,null,null,null,null,null
null,null,null,null,null,null,null,null
null,null,null,null,null,null,null,null
null,null,null,null,null,null,null,null
null,null,null,null,null,null,null,null
null,null,null,null,null,null,null,null
null,null,null,null,null,null,null,null
null,null,null,null,null,null,null,null
null,null,null,null,null,null,null,null
null,null,null,null,null,null,null,null
null,null,null,null,null,null,null,null
null,null,null,10:52:21.002122100,null,null,null,null
null,null,null,null,null,null,null,null
null,null,null,null,null,null,null,null
null,null,null,null,null,null,null,null
null,null,null,null,null,null,null,null
null,null,null,null,null,null,null,null
null,null,null,null,null,null,null,null
null,null,null,null,null,null,null,null
null,null,null,null,null,null,null,null
null,null,null,null,null,null,null,null
null,null,null,null,null,null,null,null
null,null,null,null,null,10:52:22.203933,null,null
null,null,null,null,null,null,null,null
null,null,null,null,null,null,null,null
null,null,null,null,null,null,null,null
null,null,null,null,null,null,null,null
null,null,null,null,null,null,null,null
null,null,null,null,null,null,null,null
null,null,null,null,null,null,null,null
null,null,null,null,null,null,null,null
null,null,null,null,null,null,null,null
null,null,null,null,null,null,null,null
null,null,null,null,null,null,null,null
null,null,null,10:52:23.591035300,null,null,null,null
null,null,null,null,null,null,null,null
null,null,null,null,null,null,null,null
null,null,null,null,null,null,null,null
null,null,null,null,null,null,null,null
null,null,null,null,null,null,null,null
null,null,null,null,null,null,null,null
null,null,null,null,null,null,null,null
null,null,null,null,null,null,null,null
null,null,null,null,null,null,null,null
null,null,null,null,null,10:52:24.625866300,null,null
null,null,null,null,null,null,null,null
null,null,null,null,null,null,null,null
null,null,null,null,null,null,null,null
null,null,null,null,null,null,null,null
null,null,null,null,null,null,null,null
null,null,null,null,null,null,null,null
null,null,null,null,null,null,null,null
null,null,null,null,null,null,null,null
null,null,null,null,null,null,null,null
null,null,null,null,null,null,null,null
null,null,null,null,null,null,null,null
null,null,null,10:52:25.950027100,null,null,null,null
null,null,null,null,null,null,null,null
null,null,null,null,null,null,null,null
null,null,null,null,null,null,null,null
null,null,null,null,null,null,null,null
null,null,null,null,null,null,null,null
null,null,null,null,null,null,null,null
null,null,null,null,null,null,null,null
null,null,null,null,null,null,null,null
null,null,null,null,null,null,null,null
null,null,null,null,null,10:52:26.988791300,null,null
null,null,null,null,null,null,null,null
null,null,null,null,null,null,null,null
null,null,null,null,null,null,null,null
null,null,null,null,null,null,null,null
null,null,null,null,null,null,null,null
null,null,null,null,null,null,null,null
null,null,null,null,null,null,null,null
null,null,null,null,null,null,null,null
null,null,null,null,null,null,null,null
null,null,null,null,null,null,null,null
null,null,null,null,null,null,null,null
null,null,null,10:52:28.334535900,null,null,null,null
null,null,null,null,null,null,null,null
null,null,null,null,null,null,null,null
null,null,null,null,null,null,null,null
null,null,null,null,null,null,null,null
null,null,null,null,null,null,null,null
null,null,null,null,null,null,null,null
null,null,null,null,null,null,null,null
null,null,null,null,null,null,null,null
null,null,null,null,null,null,null,null
null,null,null,null,null,10:52:29.360819600,null,null
null,null,null,null,null,null,null,null
null,null,null,null,null,null,null,null
null,null,null,null,null,null,null,null
null,null,null,null,null,null,null,null
null,null,null,null,null,null,null,null
null,null,null,null,null,null,null,null
null,null,null,null,null,null,null,null
null,null,null,null,null,null,null,null
null,null,null,null,null,null,null,null
null,null,null,null,null,null,null,null
null,null,null,null,null,null,null,null
null,null,null,10:52:30.720823300,null,null,null,null
null,null,null,null,null,null,null,null
null,null,null,null,null,null,null,null
null,null,null,null,null,null,null,null
null,null,null,null,null,null,null,null
null,null,null,null,null,null,null,null
null,null,null,null,null,null,null,null
null,null,null,null,null,null,null,null
null,null,null,null,null,null,null,null
null,null,null,null,null,null,null,null
null,null,null,null,null,null,null,null
null,null,null,null,null,null,null,null
null,null,null,null,null,null,null,null
null,null,null,null,null,null,null,null
null,null,null,null,null,null,null,null
null,null,null,null,null,null,null,null
null,null,null,null,null,null,null,null
null,null,null,null,null,null,null,null
null,null,null,null,null,null,null,null
null,null,null,null,null,null,null,null
null,null,null,null,null,null,null,null
null,null,null,null,null,null,null,null
null,null,null,null,null,null,null,null
null,null,null,null,null,null,null,null
null,null,null,null,null,null,null,null
null,null,null,null,null,null,null,null
null,null,null,null,null,null,null,null
null,null,null,null,null,null,null,null
null,null,null,null,null,null,null,null
null,null,null,null,null,null,null,null
null,null,null,null,null,null,null,null
null,null,null,null,null,null,null,null
null,null,null,null,null,null,null,null
null,null,null,null,null,null,null,null
null,null,null,null,null,null,null,null
null,null,null,null,null,null,null,null
null,null,null,null,null,null,null,null
null,null,null,null,null,null,null,null
null,null,null,null,null,null,null,null
null,null,null,null,null,null,null,null
null,null,null,null,null,null,null,null
null,null,null,null,null,null,null,null
null,null,null,null,null,null,null,null
null,null,null,null,null,null,null,null
null,null,null,null,null,null,null,null
null,null,null,null,null,null,null,null
null,null,null,null,null,null,null,null
null,null,null,null,null,null,null,null
null,null,null,null,null,null,null,null
null,null,null,null,null,null,null,null
null,null,null,null,null,null,null,null
null,null,null,null,null,null,null,null
null,null,null,null,null,null,null,null
null,null,null,null,null,null,null,null
null,null,null,null,null,null,null,null
null,null,null,null,null,null,null,null
null,null,null,null,null,null,null,null
null,null,null,null,null,null,null,null
null,null,null,null,null,null,null,null
null,null,null,null,null,null,null,null
null,null,null,null,null,null,null,null
null,null,null,null,null,null,null,null
null,null,null,null,null,null,null,null
null,null,null,null,null,null,null,null
null,null,null,null,null,null,null,null
null,null,null,null,null,null,null,null
null,null,null,null,null,null,null,null
null,null,null,null,null,null,null,null
null,null,null,null,null,null,null,null
null,null,null,null,null,null,null,null
null,null,null,null,null,null,null,null
null,null,null,null,null,null,null,null
null,null,null,null,null,null,null,null
null,null,null,null,null,null,null,null
null,null,null,null,null,null,null,null
null,null,null,null,null,null,null,null
null,null,null,null,null,null,null,null
null,null,null,null,null,null,null,null
null,null,null,null,null,null,null,null
null,null,null,null,null,null,null,null
null,null,null,null,null,null,null,null
null,null,null,null,null,null,null,null
null,null,10:52:40.728134700,null,null,null,null,null
null,null,null,null,null,null,null,null
null,null,null,null,null,null,null,null
null,null,null,null,null,null,null,null
null,null,null,null,null,null,null,null
null,null,null,null,null,null,null,null
null,null,null,null,null,null,null,null
null,null,null,null,null,null,null,null
null,null,null,null,null,null,null,null
null,null,null,null,null,null,null,null
null,null,null,null,null,null,null,null
null,null,null,null,null,null,null,null
null,null,null,null,null,null,null,null
null,null,null,null,null,null,null,null
null,null,null,null,null,null,null,null
null,null,null,null,null,null,null,null
null,null,null,null,null,null,null,null
null,null,null,null,null,null,null,null
null,null,null,null,null,null,null,null
null,null,null,null,null,null,null,null
null,null,null,null,null,null,null,null
null,null,null,null,null,null,null,null
null,null,null,null,null,null,null,null
null,null,null,null,null,null,null,null
null,null,null,null,null,null,null,null
null,null,null,null,null,null,null,null
null,null,null,null,null,null,null,null
null,null,null,null,null,null,null,null
null,null,null,null,null,null,null,null
null,null,null,null,null,null,null,null
null,null,null,null,null,null,null,null
null,null,null,null,null,null,null,null
null,null,null,null,null,null,null,null
null,null,null,null,null,null,null,null
null,null,null,null,null,null,null,null
null,null,null,null,null,null,null,null
null,null,null,null,null,null,null,null
null,null,null,null,null,null,null,null
null,null,null,null,null,null,null,null
null,null,null,null,null,null,null,null
null,null,null,null,null,null,null,null
null,null,null,null,null,null,null,null
null,null,null,null,null,null,null,null
null,null,null,null,null,null,null,null
null,null,null,null,null,null,null,null
null,null,null,null,null,null,null,null
null,null,null,null,null,null,null,null
null,null,null,null,null,null,null,null
null,null,null,null,null,null,null,null
null,null,null,null,null,null,null,null
null,null,null,null,null,null,null,null
null,null,null,null,null,null,null,null
null,null,null,null,null,null,null,null
null,null,null,null,null,null,null,null
null,null,null,null,null,null,null,null
null,null,null,null,null,null,null,null
null,null,null,null,null,null,null,null
null,null,null,null,null,null,null,null
null,null,null,null,null,null,null,null
null,null,null,null,null,null,null,null
null,null,null,null,null,null,null,null
null,null,null,null,null,null,null,null
null,null,null,null,null,null,null,null
null,null,null,null,null,null,null,null
null,null,null,null,null,null,null,null
null,null,null,null,null,null,null,null
null,null,null,null,null,null,null,null
null,null,null,null,null,null,null,null
null,null,null,null,null,null,null,null
null,null,null,null,null,null,null,null
null,null,null,null,null,null,null,null
null,null,null,null,null,null,null,null
null,null,null,null,null,null,null,null
null,null,null,null,null,null,null,null
null,null,null,null,null,null,null,null
null,null,null,null,null,null,null,null
null,null,null,null,null,null,null,null
null,null,null,null,null,null,null,null
null,null,null,null,null,null,null,null
null,null,null,null,null,null,null,null
null,null,null,null,null,null,null,null
null,null,null,null,null,null,null,null
null,null,null,null,null,null,null,null
null,null,null,null,null,null,null,null
null,null,null,null,null,null,null,null
null,null,null,null,null,null,null,null
null,null,null,null,null,null,null,null
null,null,null,null,null,null,null,null
null,null,null,null,null,null,null,null
null,null,null,null,null,null,null,null
null,null,null,null,null,null,null,null
null,null,null,null,null,null,null,null
null,null,null,null,null,null,null,null
null,null,null,null,null,null,null,null
null,null,null,null,null,null,null,null
null,null,null,null,null,null,null,null
null,null,null,null,null,null,null,null
null,null,null,null,null,null,null,null
null,null,null,null,null,null,null,null
null,null,null,null,null,null,null,null
null,null,null,null,null,null,null,null
null,null,null,null,null,null,null,null
null,null,null,null,null,null,null,null
null,null,null,null,null,null,null,null
null,null,null,null,null,null,null,null
null,null,null,null,null,null,null,null
null,null,null,null,null,null,null,null
null,null,null,null,null,null,null,null
null,null,null,null,null,null,null,null
null,null,null,null,null,null,null,null
null,null,null,null,null,null,null,null
null,null,null,null,null,null,null,null
null,null,null,null,null,null,null,null
null,null,null,null,null,null,null,null
null,null,null,null,null,null,null,null
null,null,null,null,null,null,null,null
null,null,null,null,null,null,null,null
null,null,null,null,null,null,null,null
null,null,null,null,null,null,null,null
null,null,null,null,null,null,null,null
null,null,null,null,null,null,null,null
null,null,null,null,null,null,null,null
null,null,null,null,null,null,null,null
null,null,null,null,null,null,null,null
null,null,null,null,null,null,null,null
null,null,null,null,null,null,null,null
null,null,null,null,null,null,null,null
null,null,null,null,null,null,null,null
null,null,null,null,null,null,null,null
null,null,null,null,null,null,null,null
null,null,null,null,null,null,null,null
null,null,null,null,null,null,null,null
null,null,null,null,null,null,null,null
null,null,null,null,null,null,null,null
null,null,null,null,null,null,null,null
null,null,null,null,null,null,null,null
null,null,null,null,null,null,null,null
null,null,null,null,null,null,null,null
null,null,null,null,null,null,null,null
null,null,null,null,null,null,null,null
null,null,null,null,null,null,null,null
null,null,null,null,null,null,null,null
null,null,null,null,null,null,null,null
null,null,null,null,null,null,null,null
null,null,null,null,null,null,null,null
null,null,null,null,null,10:53:00.820700700,null,null
null,null,null,null,null,null,null,null
null,null,null,null,null,null,null,null
null,null,null,null,null,null,null,null
null,null,null,null,null,null,null,null
null,null,null,null,null,null,null,null
null,null,null,null,null,null,null,null
null,null,null,null,null,null,null,null
null,null,null,null,null,null,null,null
null,null,null,null,null,null,null,null
null,null,null,null,null,null,null,null
null,null,null,null,null,null,null,null
null,null,null,10:53:02.216647400,null,null,null,null
null,null,null,null,null,null,null,null
null,null,null,null,null,null,null,null
null,null,null,null,null,null,null,null
null,null,null,null,null,null,null,null
null,null,null,null,null,null,null,null
null,null,null,null,null,null,null,null
null,null,null,null,null,null,null,null
null,null,null,null,null,null,null,null
null,null,null,null,null,null,null,null
null,null,null,null,null,10:53:03.313777100,null,null
null,null,null,null,null,null,null,null
null,null,null,null,null,null,null,null
null,null,null,null,null,null,null,null
null,null,null,null,null,null,null,null
null,null,null,null,null,null,null,null
null,null,null,null,null,null,null,null
null,null,null,null,null,null,null,null
null,null,null,null,null,null,null,null
null,null,null,null,null,null,null,null
null,null,null,null,null,null,null,null
null,null,null,null,null,null,null,null
null,null,null,10:53:04.676530300,null,null,null,null
null,null,null,null,null,null,null,null
null,null,null,null,null,null,null,null
null,null,null,null,null,null,null,null
null,null,null,null,null,null,null,null
null,null,null,null,null,null,null,null
null,null,null,null,null,null,null,null
null,null,null,null,null,null,null,null
null,null,null,null,null,null,null,null
null,null,null,null,null,null,null,null
null,null,null,null,null,10:53:05.747180900,null,null
null,null,null,null,null,null,null,null
null,null,null,null,null,null,null,null
null,null,null,null,null,null,null,null
null,null,null,null,null,null,null,null
null,null,null,null,null,null,null,null
null,null,null,null,null,null,null,null
null,null,null,null,null,null,null,null
null,null,null,null,null,null,null,null
null,null,null,null,null,null,null,null
null,null,null,null,null,null,null,null
null,null,null,null,null,null,null,null
null,null,null,10:53:07.127743,null,null,null,null
null,null,null,null,null,null,null,null
null,null,null,null,null,null,null,null
null,null,null,null,null,null,null,null
null,null,null,null,null,null,null,null
null,null,null,null,null,null,null,null
null,null,null,null,null,null,null,null
null,null,null,null,null,null,null,null
null,null,null,null,null,null,null,null
null,null,null,null,null,null,null,null
null,null,null,null,null,10:53:08.177285600,null,null
null,null,null,null,null,null,null,null
null,null,null,null,null,null,null,null
null,null,null,null,null,null,null,null
null,null,null,null,null,null,null,null
null,null,null,null,null,null,null,null
null,null,null,null,null,null,null,null
null,null,null,null,null,null,null,null
null,null,null,null,null,null,null,null
null,null,null,null,null,null,null,null
null,null,null,null,null,null,null,null
null,null,null,null,null,null,null,null
null,null,null,10:53:09.532698600,null,null,null,null
null,null,null,null,null,null,null,null
null,null,null,null,null,null,null,null
null,null,null,null,null,null,null,null
null,null,null,null,null,null,null,null
null,null,null,null,null,null,null,null
null,null,null,null,null,null,null,null
null,null,null,null,null,null,null,null
null,null,null,null,null,null,null,null
null,null,null,null,null,null,null,null
null,null,null,null,null,10:53:10.598734400,null,null
null,null,null,null,null,null,null,null
null,null,null,null,null,null,null,null
null,null,null,null,null,null,null,null
null,null,null,null,null,null,null,null
null,null,null,null,null,null,null,null
null,null,null,null,null,null,null,null
null,null,null,null,null,null,null,null
null,null,null,null,null,null,null,null
null,null,null,null,null,null,null,null
null,null,null,null,null,null,null,null
null,null,null,null,null,null,null,null
null,null,null,10:53:11.973258900,null,null,null,null
null,null,null,null,null,null,null,null
null,null,null,null,null,null,null,null
null,null,null,null,null,null,null,null
null,null,null,null,null,null,null,null
null,null,null,null,null,null,null,null
null,null,null,null,null,null,null,null
null,null,null,null,null,null,null,null
null,null,null,null,null,null,null,null
null,null,null,null,null,null,null,null
null,null,null,null,null,10:53:13.008187300,null,null
null,null,null,null,null,null,null,null
null,null,null,null,null,null,null,null
null,null,null,null,null,null,null,null
null,null,null,null,null,null,null,null
null,null,null,null,null,null,null,null
null,null,null,null,null,null,null,null
null,null,null,null,null,null,null,null
null,null,null,null,null,null,null,null
null,null,null,null,null,null,null,null
null,null,null,null,null,null,null,null
null,null,null,null,null,null,null,null
null,null,null,10:53:14.359395600,null,null,null,null
null,null,null,null,null,null,null,null
null,null,null,null,null,null,null,null
null,null,null,null,null,null,null,null
null,null,null,null,null,null,null,null
null,null,null,null,null,null,null,null
null,null,null,null,null,null,null,null
null,null,null,null,null,null,null,null
null,null,null,null,null,null,null,null
null,null,null,null,null,null,null,null
null,null,null,null,null,10:53:15.422737,null,null
null,null,null,null,null,null,null,null
null,null,null,null,null,null,null,null
null,null,null,null,null,null,null,null
null,null,null,null,null,null,null,null
null,null,null,null,null,null,null,null
null,null,null,null,null,null,null,null
null,null,null,null,null,null,null,null
null,null,null,null,null,null,null,null
null,null,null,null,null,null,null,null
null,null,null,null,null,null,null,null
null,null,null,null,null,null,null,null
null,null,null,10:53:16.761974300,null,null,null,null
null,null,null,null,null,null,null,null
null,null,null,null,null,null,null,null
null,null,null,null,null,null,null,null
null,null,null,null,null,null,null,null
null,null,null,null,null,null,null,null
null,null,null,null,null,null,null,null
null,null,null,null,null,null,null,null
null,null,null,null,null,null,null,null
null,null,null,null,null,null,null,null
null,null,null,null,null,10:53:17.803566500,null,null
null,null,null,null,null,null,null,null
null,null,null,null,null,null,null,null
null,null,null,null,null,null,null,null
null,null,null,null,null,null,null,null
null,null,null,null,null,null,null,null
null,null,null,null,null,null,null,null
null,null,null,null,null,null,null,null
null,null,null,null,null,null,null,null
null,null,null,null,null,null,null,null
null,null,null,null,null,null,null,null
null,null,null,null,null,null,null,null
null,null,null,10:53:19.208341200,null,null,null,null
null,null,null,null,null,null,null,null
null,null,null,null,null,null,null,null
null,null,null,null,null,null,null,null
null,null,null,null,null,null,null,null
null,null,null,null,null,null,null,null
null,null,null,null,null,null,null,null
null,null,null,null,null,null,null,null
null,null,null,null,null,null,null,null
null,null,null,null,null,null,null,null
null,null,null,null,null,10:53:20.289458900,null,null
null,null,null,null,null,null,null,null
null,null,null,null,null,null,null,null
null,null,null,null,null,null,null,null
null,null,null,null,null,null,null,null
null,null,null,null,null,null,null,null
null,null,null,null,null,null,null,null
null,null,null,null,null,null,null,null
null,null,null,null,null,null,null,null
null,null,null,null,null,null,null,null
null,null,null,null,null,null,null,null
null,null,null,null,null,null,null,null
null,null,null,10:53:21.641138200,null,null,null,null
null,null,null,null,null,null,null,null
null,null,null,null,null,null,null,null
null,null,null,null,null,null,null,null
null,null,null,null,null,null,null,null
null,null,null,null,null,null,null,null
null,null,null,null,null,null,null,null
null,null,null,null,null,null,null,null
null,null,null,null,null,null,null,null
null,null,null,null,null,null,null,null
null,null,null,null,null,null,null,null
null,null,null,null,null,null,null,null
null,null,null,null,null,null,null,null
null,null,null,null,null,null,null,null
null,null,null,null,null,null,null,null
null,null,null,null,null,null,null,null
null,null,null,null,null,null,null,null
null,null,null,null,null,null,null,null
null,null,null,null,null,null,null,null
null,null,null,null,null,null,null,null
null,null,null,null,null,null,null,null
null,null,null,null,null,null,null,null
null,null,null,null,null,null,null,null
null,null,null,null,null,null,null,null
null,null,null,null,null,null,null,null
null,null,null,null,null,null,null,null
null,null,null,null,null,null,null,null
null,null,null,null,null,null,null,null
null,null,null,null,null,null,null,null
null,null,null,null,null,null,null,null
null,null,null,null,null,null,null,null
null,null,null,null,null,null,null,null
null,null,null,null,null,null,null,null
null,null,null,null,null,null,null,null
null,null,null,null,null,null,null,null
null,null,null,null,null,null,null,null
null,null,null,null,null,null,null,null
null,null,null,null,null,null,null,null
null,null,null,null,null,null,null,null
null,null,null,null,null,null,null,null
null,null,null,null,null,null,null,null
null,null,null,null,null,null,null,null
null,null,null,null,null,null,null,null
null,null,null,null,null,null,null,null
null,null,null,null,null,null,null,null
null,null,null,null,null,null,null,null
null,null,null,null,null,null,null,null
null,null,null,null,null,null,null,null
null,null,null,null,null,null,null,null
null,null,null,null,null,null,null,null
null,null,null,null,null,null,null,null
null,null,null,null,null,null,null,null
null,null,null,null,null,null,null,null
null,null,null,null,null,null,null,null
null,null,null,null,null,null,null,null
null,null,null,null,null,null,null,null
null,null,null,null,null,null,null,null
null,null,null,null,null,null,null,null
null,null,null,null,null,null,null,null
null,null,null,null,null,null,null,null
null,null,null,null,null,null,null,null
null,null,null,null,null,null,null,null
null,null,null,null,null,null,null,null
null,null,null,null,null,null,null,null
null,null,null,null,null,null,null,null
null,null,null,null,null,null,null,null
null,null,null,null,null,null,null,null
null,null,null,null,null,null,null,null
null,null,null,null,null,null,null,null
null,null,null,null,null,null,null,null
null,null,null,null,null,null,null,null
null,null,null,null,null,null,null,null
null,null,null,null,null,null,null,null
null,null,null,null,null,null,null,null
null,null,null,null,null,null,null,null
null,null,null,null,null,null,null,null
null,null,null,null,null,null,null,null
null,null,null,null,null,null,null,null
null,null,null,null,null,null,null,null
null,null,null,null,null,null,null,null
null,null,null,null,10:53:33.543978700,null,null,null
