door1,door2,door4,door5,door6,endExploreRecorder,endTest,startExploreRecorder,startTest,null
null,null,null,null,null,null,null,null,null,null
null,null,null,null,null,null,null,null,18:25:34.145617,null
null,null,null,null,null,null,null,null,null,null
null,null,null,null,null,null,null,null,null,null
null,null,null,null,null,null,null,null,null,null
null,null,null,null,null,null,null,null,null,null
null,null,null,null,null,null,null,null,null,null
null,null,null,null,null,null,null,null,null,null
null,null,null,null,null,null,null,18:25:35.161487300,null,null
null,null,null,null,null,null,null,null,null,null
null,null,null,null,null,null,null,null,null,null
null,null,null,null,null,null,null,null,null,null
null,null,null,null,null,null,null,null,null,null
null,null,null,null,null,null,null,null,null,null
null,null,null,null,null,null,null,null,null,null
null,null,null,null,null,null,null,null,null,null
null,null,null,null,null,null,null,null,null,null
null,null,null,null,null,null,null,null,null,null
null,null,null,null,null,null,null,null,null,null
null,null,null,null,null,null,null,null,null,null
null,null,null,null,null,18:25:37.807040900,null,null,null,null
null,null,null,null,null,null,null,null,null,null
null,null,null,null,null,null,null,null,null,null
null,null,null,null,null,null,null,null,null,null
null,null,null,null,null,null,null,null,null,null
null,null,null,null,null,null,null,null,null,null
null,null,null,null,null,null,null,null,null,null
null,null,null,null,null,null,null,null,null,null
null,null,null,null,null,null,null,null,null,null
null,null,null,null,null,null,null,null,null,null
null,null,null,null,null,null,null,null,null,null
null,null,null,null,null,null,null,null,null,null
18:25:39.377936,null,null,null,null,null,null,null,null,null
null,null,null,null,null,null,null,null,null,null
null,null,null,null,null,null,null,null,null,null
null,null,null,null,null,null,null,null,null,null
null,null,null,null,null,null,null,null,null,null
null,null,null,null,null,null,null,null,null,null
null,null,null,null,null,null,null,null,null,null
null,null,null,null,null,null,null,null,null,null
null,null,null,null,null,null,null,null,null,null
null,null,null,null,null,null,null,null,null,null
null,null,null,null,null,null,null,null,null,null
null,null,null,null,null,null,null,null,null,null
null,null,null,null,null,null,null,null,null,null
null,null,null,null,null,null,null,null,null,null
null,null,null,null,null,null,null,null,null,null
null,null,null,null,null,null,null,null,null,null
null,null,null,null,null,null,null,null,null,null
null,null,null,null,null,null,null,null,null,null
null,null,null,null,null,null,null,null,null,null
null,null,null,null,null,null,null,null,null,null
null,null,null,null,null,null,null,null,null,null
null,null,null,null,null,null,null,null,null,null
null,null,null,null,null,null,null,null,null,null
null,null,null,null,null,null,null,null,null,null
null,null,null,null,null,null,null,null,null,null
null,null,null,null,null,null,null,null,null,null
null,null,null,null,null,null,null,null,null,null
null,null,null,null,null,null,null,null,null,null
null,null,null,null,null,null,null,null,null,null
null,null,null,null,null,null,null,null,null,null
null,null,null,null,null,null,null,null,null,null
null,null,null,null,null,null,null,null,null,null
null,null,null,null,null,null,null,18:25:45.129097900,null,null
null,null,null,null,null,null,null,null,null,null
null,null,null,null,null,null,null,null,null,null
null,null,null,null,null,null,null,null,null,null
null,null,null,null,null,null,null,null,null,null
null,null,null,null,null,null,null,null,null,null
null,null,null,null,null,null,null,null,null,null
null,null,null,null,null,null,null,null,null,null
null,null,null,null,null,null,null,null,null,null
null,null,null,null,null,null,null,null,null,null
null,null,null,null,null,null,null,null,null,null
null,null,null,null,null,null,null,null,null,null
null,null,null,null,null,18:25:46.755006300,null,null,null,null
null,null,null,null,null,null,null,null,null,null
null,null,null,null,null,null,null,null,null,null
null,null,null,null,null,null,null,null,null,null
null,null,null,null,null,null,null,null,null,null
null,null,null,null,null,null,null,null,null,null
null,null,null,null,null,null,null,null,null,null
null,null,null,null,null,null,null,null,null,null
null,null,null,null,null,null,null,null,null,null
null,null,null,null,null,null,null,null,null,null
null,null,null,null,null,null,null,null,null,null
null,null,null,null,null,null,null,null,null,null
null,null,null,null,null,null,null,null,null,null
null,null,null,null,null,null,null,null,null,null
null,null,null,null,null,null,null,null,null,null
null,null,null,null,null,null,null,null,null,null
null,null,null,null,null,null,null,null,null,null
null,null,null,null,null,null,null,null,null,null
null,null,null,null,null,null,null,null,null,null
null,null,null,null,null,null,null,null,null,null
null,null,null,null,null,null,null,null,null,null
null,null,null,null,null,null,null,null,null,null
null,null,null,null,null,null,null,null,null,null
null,null,null,null,null,null,null,null,null,null
null,null,null,null,null,null,null,18:25:50.139002200,null,null
null,null,null,null,null,null,null,null,null,null
null,null,null,null,null,null,null,null,null,null
null,null,null,null,null,null,null,null,null,null
null,null,null,null,null,null,null,null,null,null
null,null,null,null,null,null,null,null,null,null
null,null,null,null,null,null,null,null,null,null
null,null,null,null,null,null,null,null,null,null
null,null,null,null,null,null,null,null,null,null
null,null,null,null,null,null,null,null,null,null
null,null,null,null,null,null,null,null,null,null
null,null,null,null,null,null,null,null,null,null
null,null,null,null,null,18:25:51.648588800,null,null,null,null
null,null,null,null,null,null,null,null,null,null
null,null,null,null,null,null,null,null,null,null
null,null,null,null,null,null,null,null,null,null
null,null,null,null,null,null,null,null,null,null
null,null,null,null,null,null,null,null,null,null
null,null,null,null,null,null,null,18:25:52.299034600,null,null
null,null,null,null,null,null,null,null,null,null
null,null,null,null,null,null,null,null,null,null
null,null,null,null,null,null,null,null,null,null
null,null,null,null,null,null,null,null,null,null
null,null,null,null,null,null,null,null,null,null
null,null,null,null,null,null,null,null,null,null
null,null,null,null,null,null,null,null,null,null
null,null,null,null,null,null,null,null,null,null
null,null,null,null,null,null,null,null,null,null
null,null,null,null,null,null,null,null,null,null
null,null,null,null,null,null,null,null,null,null
null,null,null,null,null,18:25:53.787632100,null,null,null,null
null,null,null,null,null,null,null,null,null,null
null,null,null,null,null,null,null,null,null,null
null,null,null,null,null,null,null,null,null,null
null,null,null,null,null,null,null,null,null,null
null,null,null,null,null,null,null,null,null,null
null,null,null,null,null,null,null,18:25:54.460292900,null,null
null,null,null,null,null,null,null,null,null,null
null,null,null,null,null,null,null,null,null,null
null,null,null,null,null,null,null,null,null,null
null,null,null,null,null,null,null,null,null,null
null,null,null,null,null,null,null,null,null,null
null,null,null,null,null,null,null,null,null,null
null,null,null,null,null,null,null,null,null,null
null,null,null,null,null,null,null,null,null,null
null,null,null,null,null,null,null,null,null,null
null,null,null,null,null,null,null,null,null,null
null,null,null,null,null,null,null,null,null,null
null,null,null,null,null,18:25:55.974959300,null,null,null,null
null,null,null,null,null,null,null,null,null,null
null,null,null,null,null,null,null,null,null,null
null,null,null,null,null,null,null,null,null,null
null,null,null,null,null,null,null,null,null,null
null,null,null,null,null,null,null,null,null,null
null,null,null,null,null,null,null,18:25:56.584889800,null,null
null,null,null,null,null,null,null,null,null,null
null,null,null,null,null,null,null,null,null,null
null,null,null,null,null,null,null,null,null,null
null,null,null,null,null,null,null,null,null,null
null,null,null,null,null,null,null,null,null,null
null,null,null,null,null,null,null,null,null,null
null,null,null,null,null,null,null,null,null,null
null,null,null,null,null,null,null,null,null,null
null,null,null,null,null,null,null,null,null,null
null,null,null,null,null,null,null,null,null,null
null,null,null,null,null,null,null,null,null,null
null,null,null,null,null,18:25:58.079267300,null,null,null,null
null,null,null,null,null,null,null,null,null,null
null,null,null,null,null,null,null,null,null,null
null,null,null,null,null,null,null,null,null,null
null,null,null,null,null,null,null,null,null,null
null,null,null,null,null,null,null,null,null,null
null,null,null,null,null,null,null,18:25:58.710665300,null,null
null,null,null,null,null,null,null,null,null,null
null,null,null,null,null,null,null,null,null,null
null,null,null,null,null,null,null,null,null,null
null,null,null,null,null,null,null,null,null,null
null,null,null,null,null,null,null,null,null,null
null,null,null,null,null,null,null,null,null,null
null,null,null,null,null,null,null,null,null,null
null,null,null,null,null,null,null,null,null,null
null,null,null,null,null,null,null,null,null,null
null,null,null,null,null,null,null,null,null,null
null,null,null,null,null,null,null,null,null,null
null,null,null,null,null,18:26:00.249864600,null,null,null,null
null,null,null,null,null,null,null,null,null,null
null,null,null,null,null,null,null,null,null,null
null,null,null,null,null,null,null,null,null,null
null,null,null,null,null,null,null,null,null,null
null,null,null,null,null,null,null,null,null,null
null,null,null,null,null,null,null,18:26:00.887059500,null,null
null,null,null,null,null,null,null,null,null,null
null,null,null,null,null,null,null,null,null,null
null,null,null,null,null,null,null,null,null,null
null,null,null,null,null,null,null,null,null,null
null,null,null,null,null,null,null,null,null,null
null,null,null,null,null,null,null,null,null,null
null,null,null,null,null,null,null,null,null,null
null,null,null,null,null,null,null,null,null,null
null,null,null,null,null,null,null,null,null,null
null,null,null,null,null,null,null,null,null,null
null,null,null,null,null,null,null,null,null,null
null,null,null,null,null,18:26:02.356842200,null,null,null,null
null,null,null,null,null,null,null,null,null,null
null,null,null,null,null,null,null,null,null,null
null,null,null,null,null,null,null,null,null,null
null,null,null,null,null,null,null,null,null,null
null,null,null,null,null,null,null,null,null,null
null,null,null,null,null,null,null,18:26:02.977274300,null,null
null,null,null,null,null,null,null,null,null,null
null,null,null,null,null,null,null,null,null,null
null,null,null,null,null,null,null,null,null,null
null,null,null,null,null,null,null,null,null,null
null,null,null,null,null,null,null,null,null,null
null,null,null,null,null,null,null,null,null,null
null,null,null,null,null,null,null,null,null,null
null,null,null,null,null,null,null,null,null,null
null,null,null,null,null,null,null,null,null,null
null,null,null,null,null,null,null,null,null,null
null,null,null,null,null,null,null,null,null,null
null,null,null,null,null,18:26:04.454367600,null,null,null,null
null,null,null,null,null,null,null,null,null,null
null,null,null,null,null,null,null,null,null,null
null,null,null,null,null,null,null,null,null,null
null,null,null,null,null,null,null,null,null,null
null,null,null,null,null,null,null,null,null,null
null,null,null,null,null,null,null,18:26:05.106360400,null,null
null,null,null,null,null,null,null,null,null,null
null,null,null,null,null,null,null,null,null,null
null,null,null,null,null,null,null,null,null,null
null,null,null,null,null,null,null,null,null,null
null,null,null,null,null,null,null,null,null,null
null,null,null,null,null,null,null,null,null,null
null,null,null,null,null,null,null,null,null,null
null,null,null,null,null,null,null,null,null,null
null,null,null,null,null,null,null,null,null,null
null,null,null,null,null,null,null,null,null,null
null,null,null,null,null,null,null,null,null,null
null,null,null,null,null,18:26:07.240413,null,null,null,null
null,null,null,null,null,null,null,null,null,null
null,null,null,null,null,null,null,null,null,null
null,null,null,null,null,null,null,null,null,null
null,null,null,null,null,null,null,null,null,null
null,null,null,null,null,null,null,null,null,null
null,null,null,null,null,null,null,null,null,null
null,null,null,null,null,null,null,null,null,null
null,null,null,null,null,null,null,null,null,null
null,null,null,null,null,null,null,null,null,null
null,null,null,null,null,null,null,null,null,null
null,null,null,null,null,null,null,null,null,null
null,null,null,null,null,null,null,null,null,null
null,null,null,null,null,null,null,null,null,null
null,null,null,null,null,null,null,null,null,null
null,null,null,null,null,null,null,null,null,null
null,null,null,null,null,null,null,null,null,null
null,null,null,null,null,null,null,null,null,null
null,null,null,null,null,null,null,null,null,null
null,null,18:26:10.097032200,null,null,null,null,null,null,null
null,null,null,null,null,null,null,null,null,null
null,null,null,null,null,null,null,null,null,null
null,null,null,null,null,null,null,null,null,null
null,null,null,null,null,null,null,null,null,null
null,null,null,null,null,null,null,null,null,null
null,null,null,null,null,null,null,null,null,null
null,null,null,null,null,null,null,null,null,null
null,null,null,null,null,null,null,null,null,null
null,null,null,null,null,null,null,null,null,null
null,null,null,null,null,null,null,null,null,null
null,null,null,null,null,null,null,null,null,null
null,null,null,null,null,null,null,null,null,null
null,null,null,null,null,null,null,null,null,null
null,null,null,null,null,null,null,null,null,null
null,null,null,null,null,null,null,null,null,null
null,null,null,null,null,null,null,null,null,null
null,null,null,null,null,null,null,null,null,null
null,null,null,null,null,null,null,null,null,null
null,null,null,null,null,null,null,null,null,null
null,null,null,null,null,null,null,null,null,null
null,null,null,null,null,null,null,null,null,null
null,null,null,null,null,null,null,null,null,null
null,null,null,null,null,null,null,null,null,null
null,null,null,null,null,null,null,null,null,null
null,null,null,null,null,null,null,null,null,null
null,null,null,null,null,null,null,null,null,null
null,null,null,null,null,null,null,null,null,null
null,null,null,null,null,null,null,null,null,null
null,null,null,null,null,null,null,null,null,null
null,null,null,null,null,null,null,null,null,null
null,null,null,null,null,null,null,null,null,null
null,null,null,null,null,null,null,null,null,null
null,null,null,null,null,null,null,null,null,null
null,null,null,null,null,null,null,null,null,null
null,null,null,null,null,null,null,null,null,null
null,null,null,null,null,null,null,null,null,null
null,null,null,null,null,null,null,null,null,null
null,null,null,null,null,null,null,null,null,null
null,null,null,null,null,null,null,null,null,null
null,null,null,null,null,null,null,null,null,null
null,null,null,null,null,null,null,null,null,null
null,null,null,null,null,null,null,null,null,null
null,null,null,null,null,null,null,null,null,null
null,null,null,null,null,null,null,null,null,null
null,null,null,null,null,null,null,null,null,null
null,null,null,null,null,null,null,null,null,null
null,null,null,null,null,null,null,null,null,null
null,null,null,null,null,null,null,null,null,null
null,null,null,null,null,null,null,null,null,null
null,null,null,null,null,null,null,null,null,null
null,null,null,null,null,null,null,null,null,null
null,null,null,null,null,null,null,null,null,null
null,null,null,null,null,null,null,null,null,null
null,null,null,null,null,null,null,null,null,null
null,null,null,null,null,null,null,null,null,null
null,null,null,null,null,null,null,null,null,null
null,null,null,null,null,null,null,null,null,null
null,null,null,null,null,null,null,null,null,null
null,null,null,null,null,null,null,null,null,null
null,null,null,null,null,null,null,null,null,null
null,null,null,null,null,null,null,null,null,null
null,null,null,null,null,null,null,null,null,null
null,null,null,null,null,null,null,null,null,null
null,null,null,null,null,null,null,null,null,null
null,null,null,null,null,null,null,null,null,null
null,null,null,null,null,null,null,null,null,null
null,null,null,null,null,null,null,null,null,null
null,null,null,null,null,null,null,null,null,null
null,null,null,null,null,null,null,null,null,null
null,null,null,null,null,null,null,null,null,null
null,null,null,null,null,null,null,null,null,null
null,null,null,null,null,null,null,null,null,null
null,null,null,null,null,null,null,null,null,null
null,null,null,null,null,null,null,null,null,null
null,null,null,null,null,null,null,null,null,null
null,null,null,null,null,null,null,null,null,null
null,null,null,null,null,null,null,null,null,null
null,null,null,null,null,null,null,null,null,null
null,null,null,null,null,null,null,null,null,null
null,null,null,null,null,null,null,null,null,null
null,null,null,null,null,null,null,null,null,null
null,null,null,null,null,null,null,null,null,null
null,null,null,null,null,null,null,null,null,null
null,null,null,null,null,null,null,null,null,null
null,null,null,null,null,null,null,null,null,null
null,null,null,null,null,null,null,null,null,null
null,null,null,null,null,null,null,null,null,null
null,null,null,null,null,null,null,null,null,null
null,null,null,null,null,null,null,null,null,null
null,null,null,null,null,null,null,null,null,null
null,null,null,null,null,null,null,null,null,null
null,null,null,null,null,null,null,null,null,null
null,null,null,null,null,null,null,null,null,null
null,null,null,null,null,null,null,null,null,null
null,null,null,null,null,null,null,null,null,null
null,null,null,null,null,null,null,null,null,null
null,null,null,null,null,null,null,null,null,null
null,null,null,null,null,null,null,null,null,null
null,null,null,null,null,null,null,null,null,null
null,null,null,null,null,null,null,null,null,null
null,null,null,null,null,null,null,null,null,null
null,null,null,null,null,null,null,null,null,null
null,null,null,null,null,null,null,null,null,null
null,null,null,null,null,null,null,null,null,null
null,null,null,null,null,null,null,null,null,null
null,null,null,null,null,null,null,null,null,null
null,null,null,null,null,null,null,null,null,null
null,null,null,null,null,null,null,null,null,null
null,null,null,null,null,null,null,null,null,null
null,null,null,null,null,null,null,null,null,null
null,null,null,null,null,null,null,null,null,null
null,null,null,null,null,null,null,null,null,null
null,null,null,null,null,null,null,null,null,null
null,null,null,null,null,null,null,null,null,null
null,null,null,null,null,null,null,null,null,null
null,null,null,null,null,null,null,null,null,null
null,null,null,null,null,null,null,null,null,null
null,null,null,null,null,null,null,null,null,null
null,null,null,null,null,null,null,null,null,null
null,null,null,null,null,null,null,null,null,null
null,null,null,null,null,null,null,null,null,null
null,null,null,null,null,null,null,null,null,null
null,null,null,null,null,null,null,null,null,null
null,null,null,null,null,null,null,null,null,null
null,null,null,null,null,null,null,null,null,null
null,null,null,null,null,null,null,null,null,null
null,null,null,null,null,null,null,null,null,null
null,null,null,null,null,null,null,18:26:30.415773200,null,null
null,null,null,null,null,null,null,null,null,null
null,null,null,null,null,null,null,null,null,null
null,null,null,null,null,null,null,null,null,null
null,null,null,null,null,null,null,null,null,null
null,null,null,null,null,null,null,null,null,null
null,null,null,null,null,null,null,null,null,null
null,null,null,null,null,null,null,null,null,null
null,null,null,null,null,null,null,null,null,null
null,null,null,null,null,null,null,null,null,null
null,null,null,null,null,null,null,null,null,null
null,null,null,null,null,null,null,null,null,null
null,null,null,null,null,18:26:31.849397400,null,null,null,null
null,null,null,null,null,null,null,null,null,null
null,null,null,null,null,null,null,null,null,null
null,null,null,null,null,null,null,null,null,null
null,null,null,null,null,null,null,null,null,null
null,null,null,null,null,null,null,null,null,null
null,null,null,null,null,null,null,18:26:32.470784700,null,null
null,null,null,null,null,null,null,null,null,null
null,null,null,null,null,null,null,null,null,null
null,null,null,null,null,null,null,null,null,null
null,null,null,null,null,null,null,null,null,null
null,null,null,null,null,null,null,null,null,null
null,null,null,null,null,null,null,null,null,null
null,null,null,null,null,null,null,null,null,null
null,null,null,null,null,null,null,null,null,null
null,null,null,null,null,null,null,null,null,null
null,null,null,null,null,null,null,null,null,null
null,null,null,null,null,null,null,null,null,null
null,null,null,null,null,18:26:34.600794700,null,null,null,null
null,null,null,null,null,null,null,null,null,null
null,null,null,null,null,null,null,null,null,null
null,null,null,null,null,null,null,null,null,null
null,null,null,null,null,null,null,null,null,null
null,null,null,null,null,null,null,null,null,null
null,null,null,null,null,null,null,null,null,null
null,null,null,null,null,null,null,null,null,null
null,null,null,null,null,null,null,null,null,null
null,null,null,null,null,null,null,null,null,null
null,null,null,null,null,null,null,null,null,null
null,null,null,null,null,null,null,null,null,null
null,null,null,null,null,null,null,null,null,null
null,null,null,null,null,null,null,null,null,null
null,null,null,null,null,null,null,null,null,null
null,null,null,null,null,null,null,null,null,null
null,null,null,null,null,null,null,null,null,null
null,null,null,18:26:36.947530900,null,null,null,null,null,null
null,null,null,null,null,null,null,null,null,null
null,null,null,null,null,null,null,null,null,null
null,null,null,null,null,null,null,null,null,null
null,null,null,null,null,null,null,null,null,null
null,null,null,null,null,null,null,null,null,null
null,null,null,null,null,null,null,null,null,null
null,null,null,null,null,null,null,null,null,null
null,null,null,null,null,null,null,null,null,null
null,null,null,null,null,null,null,null,null,null
null,null,null,null,null,null,null,null,null,null
null,null,null,null,null,null,null,null,null,null
null,null,null,null,null,null,null,null,null,null
null,null,null,null,null,null,null,null,null,null
null,null,null,null,null,null,null,null,null,null
null,null,null,null,null,null,null,null,null,null
null,null,null,null,null,null,null,null,null,null
null,null,null,null,null,null,null,null,null,null
null,null,null,null,null,null,null,null,null,null
null,null,null,null,null,null,null,null,null,null
null,null,null,null,null,null,null,null,null,null
null,null,null,null,null,null,null,null,null,null
null,null,null,null,null,null,null,null,null,null
null,null,null,null,null,null,null,null,null,null
null,null,null,null,null,null,null,null,null,null
null,null,null,null,null,null,null,null,null,null
null,null,null,null,null,null,null,null,null,null
null,null,null,null,null,null,null,null,null,null
null,null,null,null,null,null,null,null,null,null
null,null,null,null,null,null,null,null,null,null
null,null,null,null,null,null,null,null,null,null
null,null,null,null,null,null,null,null,null,null
null,null,null,null,null,null,null,null,null,null
null,null,null,null,null,null,null,null,null,null
null,null,null,null,null,null,null,null,null,null
null,null,null,null,null,null,null,null,null,null
null,null,null,null,null,null,null,null,null,null
null,null,null,null,null,null,null,null,null,null
null,null,null,null,null,null,null,null,null,null
null,null,null,null,null,null,null,null,null,null
null,null,null,null,null,null,null,null,null,null
null,null,null,null,null,null,null,null,null,null
null,null,null,null,null,null,null,null,null,null
null,null,null,null,null,null,null,null,null,null
null,null,null,null,null,null,null,null,null,null
null,null,null,null,null,null,null,null,null,null
null,null,null,null,null,null,null,null,null,null
null,null,null,null,null,null,null,null,null,null
null,null,null,null,null,null,null,null,null,null
null,null,null,null,null,null,null,null,null,null
null,null,null,null,null,null,null,null,null,null
null,null,null,null,null,null,null,null,null,null
null,null,null,null,null,null,null,null,null,null
null,null,null,null,null,null,null,null,null,null
null,null,null,null,null,null,null,null,null,null
null,null,null,null,null,null,null,null,null,null
null,null,null,null,null,null,null,null,null,null
null,null,null,null,null,null,null,null,null,null
null,null,null,null,null,null,null,null,null,null
null,null,null,null,null,null,null,null,null,null
null,null,null,null,null,null,null,null,null,null
null,null,null,null,null,null,null,null,null,null
null,null,null,null,null,null,null,null,null,null
null,null,null,null,null,null,null,null,null,null
null,null,null,null,null,null,null,null,null,null
null,null,null,null,null,null,null,null,null,null
null,null,null,null,null,null,null,null,null,null
null,null,null,null,null,null,null,null,null,null
null,null,null,null,null,null,null,null,null,null
null,null,null,null,null,null,null,null,null,null
null,null,null,null,null,null,null,null,null,null
null,null,null,null,null,null,null,null,null,null
null,null,null,null,null,null,null,null,null,null
null,null,null,null,null,null,null,null,null,null
null,null,null,null,null,null,null,null,null,null
null,null,null,null,null,null,null,null,null,null
null,null,null,null,null,null,null,null,null,null
null,null,null,null,null,null,null,null,null,null
null,null,null,null,null,null,null,null,null,null
null,null,null,null,null,null,null,null,null,null
null,null,null,null,null,null,null,null,null,null
null,null,null,null,null,null,null,null,null,null
null,null,null,null,null,null,null,null,null,null
null,null,null,null,null,null,null,null,null,null
null,null,null,null,null,null,null,null,null,null
null,null,null,null,null,null,null,null,null,null
null,null,null,null,null,null,null,null,null,null
null,null,null,null,null,null,null,null,null,null
null,null,null,null,null,null,null,null,null,null
null,null,null,null,null,null,null,null,null,null
null,null,null,null,null,null,null,null,null,null
null,null,null,null,null,null,null,null,null,null
null,null,null,null,null,null,null,null,null,null
null,null,null,null,null,null,null,null,null,null
null,null,null,null,null,null,null,null,null,null
null,null,null,null,null,null,null,null,null,null
null,null,null,null,null,null,null,null,null,null
null,null,null,null,null,null,null,null,null,null
null,null,null,null,null,null,null,null,null,null
null,null,null,null,null,null,null,null,null,null
null,null,null,null,null,null,null,null,null,null
null,null,null,null,null,null,null,null,null,null
null,null,null,null,null,null,null,null,null,null
null,null,null,null,null,null,null,null,null,null
null,null,null,null,null,null,null,null,null,null
null,null,null,null,null,null,null,null,null,null
null,null,null,null,null,null,null,null,null,null
null,null,null,null,null,null,null,null,null,null
null,null,null,null,null,null,null,null,null,null
null,null,null,null,null,null,null,null,null,null
null,null,null,null,null,null,null,null,null,null
null,null,null,null,null,null,null,null,null,null
null,null,null,null,null,null,null,null,null,null
null,null,null,null,null,null,null,null,null,null
null,null,null,null,null,null,null,null,null,null
null,null,null,null,null,null,null,null,null,null
null,null,null,null,null,null,null,null,null,null
null,null,null,null,null,null,null,null,null,null
null,null,null,null,null,null,null,null,null,null
null,null,null,null,null,null,null,null,null,null
null,null,null,null,null,null,null,null,null,null
null,null,null,null,null,null,null,null,null,null
null,null,null,null,null,null,null,null,null,null
null,null,null,null,null,null,null,null,null,null
null,null,null,null,null,null,null,null,null,null
null,null,null,null,null,null,null,null,null,null
null,null,null,null,null,null,null,null,null,null
null,null,null,null,null,null,null,null,null,null
null,null,null,null,null,null,null,null,null,null
null,null,null,null,null,null,null,null,null,null
null,null,null,null,null,null,null,null,null,null
null,null,null,null,null,null,null,null,null,null
null,null,null,null,null,null,null,null,null,null
null,null,null,null,null,null,null,null,null,null
null,null,null,null,null,null,null,null,null,null
null,null,null,null,null,null,null,null,null,null
null,null,null,null,null,null,null,null,null,null
null,null,null,null,null,null,null,null,null,null
null,null,null,null,null,null,null,null,null,null
null,null,null,null,null,null,null,null,null,null
null,null,null,null,null,null,null,null,null,null
null,null,null,null,null,null,null,null,null,null
null,null,null,null,null,null,null,null,null,null
null,null,null,null,null,null,null,null,null,null
null,null,null,null,null,null,null,null,null,null
null,null,null,null,null,null,null,null,null,null
null,null,null,null,null,null,null,null,null,null
null,null,null,null,null,null,null,null,null,null
null,null,null,null,null,null,null,null,null,null
null,null,null,null,null,null,null,null,null,null
null,null,null,null,null,null,null,null,null,null
null,null,null,null,null,null,null,null,null,null
null,null,null,null,null,null,null,null,null,null
null,null,null,null,null,null,null,null,null,null
null,null,null,null,null,null,null,null,null,null
null,null,null,null,null,null,null,null,null,null
null,null,null,null,null,null,null,null,null,null
null,null,null,null,null,null,null,null,null,null
null,null,null,null,null,null,null,null,null,null
null,null,null,null,null,null,null,null,null,null
null,null,null,null,null,null,null,null,null,null
null,null,null,null,null,null,null,null,null,null
null,null,null,null,null,null,null,null,null,null
null,null,null,null,null,null,null,null,null,null
null,null,null,null,null,null,null,null,null,null
null,null,null,null,null,null,null,null,null,null
null,null,null,null,null,null,null,null,null,null
null,null,null,null,null,null,null,null,null,null
null,null,null,null,null,null,null,null,null,null
null,null,null,null,null,null,null,null,null,null
null,null,null,null,null,null,null,null,null,null
null,null,null,null,null,null,null,null,null,null
null,null,null,null,null,null,null,null,null,null
null,null,null,null,null,null,null,null,null,null
null,null,null,null,null,null,null,null,null,null
null,null,null,null,null,null,null,null,null,null
null,null,null,null,null,null,null,null,null,null
null,null,null,null,null,null,null,null,null,null
null,null,null,null,null,null,null,null,null,null
null,null,null,null,null,null,null,null,null,null
null,null,null,null,null,null,null,null,null,null
null,null,null,null,null,null,null,null,null,null
null,null,null,null,null,null,null,null,null,null
null,null,null,null,null,null,null,null,null,null
null,null,null,null,null,null,null,null,null,null
null,null,null,null,null,null,null,null,null,null
null,null,null,null,null,null,null,null,null,null
null,null,null,null,null,null,null,null,null,null
null,null,null,null,null,null,null,null,null,null
null,null,null,null,null,null,null,null,null,null
null,null,null,null,null,null,null,null,null,null
null,null,null,null,null,null,null,null,null,null
null,null,null,null,null,null,null,null,null,null
null,null,null,null,null,null,null,null,null,null
null,null,null,null,null,null,null,null,null,null
null,null,null,null,null,null,null,null,null,null
null,null,null,null,null,null,null,null,null,null
null,null,null,null,null,null,null,null,null,null
null,null,null,null,null,null,null,null,null,null
null,null,null,null,null,null,null,null,null,null
null,null,null,null,null,null,null,null,null,null
null,null,null,null,null,null,null,null,null,null
null,null,null,null,null,null,null,null,null,null
null,null,null,null,null,null,null,null,null,null
null,null,null,null,null,null,null,null,null,null
null,null,null,null,null,null,null,null,null,null
null,null,null,null,null,null,null,null,null,null
null,null,null,null,null,null,null,null,null,null
null,null,null,null,null,null,null,null,null,null
null,null,null,null,null,null,null,null,null,null
null,null,null,null,null,null,null,null,null,null
null,null,null,null,null,null,null,null,null,null
null,null,null,null,null,null,null,null,null,null
null,null,null,null,null,null,null,null,null,null
null,null,null,null,null,null,null,null,null,null
null,null,null,null,null,null,null,null,null,null
null,null,null,null,null,null,null,null,null,null
null,null,null,null,null,null,null,null,null,null
null,null,null,null,null,null,null,null,null,null
null,null,null,null,null,null,null,null,null,null
null,null,null,null,null,null,null,null,null,null
null,null,null,null,null,null,null,null,null,null
null,null,null,null,null,null,null,null,null,null
null,null,null,null,null,null,null,null,null,null
null,null,null,null,null,null,null,null,null,null
null,null,null,null,null,null,null,null,null,null
null,null,null,null,null,null,null,null,null,null
null,null,null,null,null,null,null,null,null,null
null,null,null,null,null,null,null,null,null,null
null,null,null,null,null,null,null,null,null,null
null,null,null,null,null,null,null,null,null,null
null,null,null,null,null,null,null,null,null,null
null,null,null,null,null,null,null,null,null,null
null,null,null,null,null,null,null,null,null,null
null,null,null,null,null,null,null,null,null,null
null,null,null,null,null,null,null,18:27:13.110026600,null,null
null,null,null,null,null,null,null,null,null,null
null,null,null,null,null,null,null,null,null,null
null,null,null,null,null,null,null,null,null,null
null,null,null,null,null,null,null,null,null,null
null,null,null,null,null,null,null,null,null,null
null,null,null,null,null,null,null,null,null,null
null,null,null,null,null,null,null,null,null,null
null,null,null,null,null,null,null,null,null,null
null,null,null,null,null,null,null,null,null,null
null,null,null,null,null,null,null,null,null,null
null,null,null,null,null,null,null,null,null,null
null,null,null,null,null,18:27:14.572949800,null,null,null,null
null,null,null,null,null,null,null,null,null,null
null,null,null,null,null,null,null,null,null,null
null,null,null,null,null,null,null,null,null,null
null,null,null,null,null,null,null,null,null,null
null,null,null,null,null,null,null,null,null,null
null,null,null,null,null,null,null,null,null,null
null,null,null,null,null,null,null,null,null,null
null,null,null,null,null,null,null,null,null,null
null,null,null,null,null,null,null,null,null,null
null,null,null,null,null,null,null,18:27:15.652149100,null,null
null,null,null,null,null,null,null,null,null,null
null,null,null,null,null,null,null,null,null,null
null,null,null,null,null,null,null,null,null,null
null,null,null,null,null,null,null,null,null,null
null,null,null,null,null,null,null,null,null,null
null,null,null,null,null,null,null,null,null,null
null,null,null,null,null,null,null,null,null,null
null,null,null,null,null,null,null,null,null,null
null,null,null,null,null,null,null,null,null,null
null,null,null,null,null,null,null,null,null,null
null,null,null,null,null,null,null,null,null,null
null,null,null,null,null,18:27:17.728084600,null,null,null,null
null,null,null,null,null,null,null,null,null,null
null,null,null,null,null,null,null,null,null,null
null,null,null,null,null,null,null,null,null,null
null,null,null,null,null,null,null,null,null,null
null,null,null,null,null,null,null,null,null,null
null,null,null,null,null,null,null,null,null,null
null,null,null,null,null,null,null,null,null,null
null,null,null,null,null,null,null,null,null,null
null,null,null,null,null,null,null,null,null,null
null,null,null,null,null,null,null,null,null,null
null,null,null,null,null,null,null,18:27:18.953893,null,null
null,null,null,null,null,null,null,null,null,null
null,null,null,null,null,null,null,null,null,null
null,null,null,null,null,null,null,null,null,null
null,null,null,null,null,null,null,null,null,null
null,null,null,null,null,null,null,null,null,null
null,null,null,null,null,null,null,null,null,null
null,null,null,null,null,null,null,null,null,null
null,null,null,null,null,null,null,null,null,null
null,null,null,null,null,null,null,null,null,null
null,null,null,null,null,null,null,null,null,null
null,null,null,null,null,null,null,null,null,null
null,null,null,null,null,18:27:20.390023200,null,null,null,null
null,null,null,null,null,null,null,null,null,null
null,null,null,null,null,null,null,null,null,null
null,null,null,null,null,null,null,null,null,null
null,null,null,null,null,null,null,null,null,null
null,null,null,null,null,null,null,null,null,null
null,null,null,null,null,null,null,null,null,null
null,null,null,null,null,null,null,null,null,null
null,null,null,null,null,null,null,null,null,null
null,null,null,null,null,null,null,null,null,null
null,null,null,null,null,null,null,18:27:21.507770200,null,null
null,null,null,null,null,null,null,null,null,null
null,null,null,null,null,null,null,null,null,null
null,null,null,null,null,null,null,null,null,null
null,null,null,null,null,null,null,null,null,null
null,null,null,null,null,null,null,null,null,null
null,null,null,null,null,null,null,null,null,null
null,null,null,null,null,null,null,null,null,null
null,null,null,null,null,null,null,null,null,null
null,null,null,null,null,null,null,null,null,null
null,null,null,null,null,null,null,null,null,null
null,null,null,null,null,null,null,null,null,null
null,null,null,null,null,18:27:22.984123200,null,null,null,null
null,null,null,null,null,null,null,null,null,null
null,null,null,null,null,null,null,null,null,null
null,null,null,null,null,null,null,null,null,null
null,null,null,null,null,null,null,null,null,null
null,null,null,null,null,null,null,null,null,null
null,null,null,null,null,null,null,null,null,null
null,null,null,null,null,null,null,null,null,null
null,null,null,null,null,null,null,null,null,null
null,null,null,null,null,null,null,null,null,null
null,null,null,null,null,null,null,18:27:24.151816300,null,null
null,null,null,null,null,null,null,null,null,null
null,null,null,null,null,null,null,null,null,null
null,null,null,null,null,null,null,null,null,null
null,null,null,null,null,null,null,null,null,null
null,null,null,null,null,null,null,null,null,null
null,null,null,null,null,null,null,null,null,null
null,null,null,null,null,null,null,null,null,null
null,null,null,null,null,null,null,null,null,null
null,null,null,null,null,null,null,null,null,null
null,null,null,null,null,null,null,null,null,null
null,null,null,null,null,null,null,null,null,null
null,null,null,null,null,18:27:25.682124900,null,null,null,null
null,null,null,null,null,null,null,null,null,null
null,null,null,null,null,null,null,null,null,null
null,null,null,null,null,null,null,null,null,null
null,null,null,null,null,null,null,null,null,null
null,null,null,null,null,null,null,null,null,null
null,null,null,null,null,null,null,null,null,null
null,null,null,null,null,null,null,null,null,null
null,null,null,null,null,null,null,null,null,null
null,null,null,null,null,null,null,null,null,null
null,null,null,null,null,null,null,18:27:26.837566700,null,null
null,null,null,null,null,null,null,null,null,null
null,null,null,null,null,null,null,null,null,null
null,null,null,null,null,null,null,null,null,null
null,null,null,null,null,null,null,null,null,null
null,null,null,null,null,null,null,null,null,null
null,null,null,null,null,null,null,null,null,null
null,null,null,null,null,null,null,null,null,null
null,null,null,null,null,null,null,null,null,null
null,null,null,null,null,null,null,null,null,null
null,null,null,null,null,null,null,null,null,null
null,null,null,null,null,null,null,null,null,null
null,null,null,null,null,18:27:28.332680300,null,null,null,null
null,null,null,null,null,null,null,null,null,null
null,null,null,null,null,null,null,null,null,null
null,null,null,null,null,null,null,null,null,null
null,null,null,null,null,null,null,null,null,null
null,null,null,null,null,null,null,null,null,null
null,null,null,null,null,null,null,null,null,null
null,null,null,null,null,null,null,null,null,null
null,null,null,null,null,null,null,null,null,null
null,null,null,null,null,null,null,null,null,null
null,null,null,null,null,null,null,18:27:29.482732300,null,null
null,null,null,null,null,null,null,null,null,null
null,null,null,null,null,null,null,null,null,null
null,null,null,null,null,null,null,null,null,null
null,null,null,null,null,null,null,null,null,null
null,null,null,null,null,null,null,null,null,null
null,null,null,null,null,null,null,null,null,null
null,null,null,null,null,null,null,null,null,null
null,null,null,null,null,null,null,null,null,null
null,null,null,null,null,null,null,null,null,null
null,null,null,null,null,null,null,null,null,null
null,null,null,null,null,null,null,null,null,null
null,null,null,null,null,18:27:30.895689300,null,null,null,null
null,null,null,null,null,null,null,null,null,null
null,null,null,null,null,null,null,null,null,null
null,null,null,null,null,null,null,null,null,null
null,null,null,null,null,null,null,null,null,null
null,null,null,null,null,null,null,null,null,null
null,null,null,null,null,null,null,null,null,null
null,null,null,null,null,null,null,null,null,null
null,null,null,null,null,null,null,null,null,null
null,null,null,null,null,null,null,null,null,null
null,null,null,null,null,null,null,18:27:32.072411900,null,null
null,null,null,null,null,null,null,null,null,null
null,null,null,null,null,null,null,null,null,null
null,null,null,null,null,null,null,null,null,null
null,null,null,null,null,null,null,null,null,null
null,null,null,null,null,null,null,null,null,null
null,null,null,null,null,null,null,null,null,null
null,null,null,null,null,null,null,null,null,null
null,null,null,null,null,null,null,null,null,null
null,null,null,null,null,null,null,null,null,null
null,null,null,null,null,null,null,null,null,null
null,null,null,null,null,null,null,null,null,null
null,null,null,null,null,18:27:33.614550600,null,null,null,null
null,null,null,null,null,null,null,null,null,null
null,null,null,null,null,null,null,null,null,null
null,null,null,null,null,null,null,null,null,null
null,null,null,null,null,null,null,null,null,null
null,null,null,null,null,null,null,null,null,null
null,null,null,null,null,null,null,null,null,null
null,null,null,null,null,null,null,null,null,null
null,null,null,null,null,null,null,null,null,null
null,null,null,null,null,null,null,null,null,null
null,null,null,null,null,null,null,18:27:34.755240500,null,null
null,null,null,null,null,null,null,null,null,null
null,null,null,null,null,null,null,null,null,null
null,null,null,null,null,null,null,null,null,null
null,null,null,null,null,null,null,null,null,null
null,null,null,null,null,null,null,null,null,null
null,null,null,null,null,null,null,null,null,null
null,null,null,null,null,null,null,null,null,null
null,null,null,null,null,null,null,null,null,null
null,null,null,null,null,null,null,null,null,null
null,null,null,null,null,null,null,null,null,null
null,null,null,null,null,null,null,null,null,null
null,null,null,null,null,18:27:36.277917500,null,null,null,null
null,null,null,null,null,null,null,null,null,null
null,null,null,null,null,null,null,null,null,null
null,null,null,null,null,null,null,null,null,null
null,null,null,null,null,null,null,null,null,null
null,null,null,null,null,null,null,null,null,null
null,null,null,null,null,null,null,null,null,null
null,null,null,null,null,null,null,null,null,null
null,null,null,null,null,null,null,null,null,null
null,null,null,null,null,null,null,null,null,null
null,null,null,null,null,null,null,18:27:37.374365200,null,null
null,null,null,null,null,null,null,null,null,null
null,null,null,null,null,null,null,null,null,null
null,null,null,null,null,null,null,null,null,null
null,null,null,null,null,null,null,null,null,null
null,null,null,null,null,null,null,null,null,null
null,null,null,null,null,null,null,null,null,null
null,null,null,null,null,null,null,null,null,null
null,null,null,null,null,null,null,null,null,null
null,null,null,null,null,null,null,null,null,null
null,null,null,null,null,null,null,null,null,null
null,null,null,null,null,null,null,null,null,null
null,null,null,null,null,18:27:38.853790900,null,null,null,null
null,null,null,null,null,null,null,null,null,null
null,null,null,null,null,null,null,null,null,null
null,null,null,null,null,null,null,null,null,null
null,null,null,null,null,null,null,null,null,null
null,null,null,null,null,null,null,null,null,null
null,null,null,null,null,null,null,null,null,null
null,null,null,null,null,null,null,null,null,null
null,null,null,null,null,null,null,null,null,null
null,null,null,null,null,null,null,null,null,null
null,null,null,null,null,null,null,18:27:39.973366,null,null
null,null,null,null,null,null,null,null,null,null
null,null,null,null,null,null,null,null,null,null
null,null,null,null,null,null,null,null,null,null
null,null,null,null,null,null,null,null,null,null
null,null,null,null,null,null,null,null,null,null
null,null,null,null,null,null,null,null,null,null
null,null,null,null,null,null,null,null,null,null
null,null,null,null,null,null,null,null,null,null
null,null,null,null,null,null,null,null,null,null
null,null,null,null,null,null,null,null,null,null
null,null,null,null,null,null,null,null,null,null
null,null,null,null,null,18:27:41.466447,null,null,null,null
null,null,null,null,null,null,null,null,null,null
null,null,null,null,null,null,null,null,null,null
null,null,null,null,null,null,null,null,null,null
null,null,null,null,null,null,null,null,null,null
null,null,null,null,null,null,null,null,null,null
null,null,null,null,null,null,null,null,null,null
null,null,null,null,null,null,null,null,null,null
null,null,null,null,null,null,null,null,null,null
null,null,null,null,null,null,null,null,null,null
null,null,null,null,null,null,null,18:27:42.583978300,null,null
null,null,null,null,null,null,null,null,null,null
null,null,null,null,null,null,null,null,null,null
null,null,null,null,null,null,null,null,null,null
null,null,null,null,null,null,null,null,null,null
null,null,null,null,null,null,null,null,null,null
null,null,null,null,null,null,null,null,null,null
null,null,null,null,null,null,null,null,null,null
null,null,null,null,null,null,null,null,null,null
null,null,null,null,null,null,null,null,null,null
null,null,null,null,null,null,null,null,null,null
null,null,null,null,null,null,null,null,null,null
null,null,null,null,null,18:27:44.734751700,null,null,null,null
null,null,null,null,null,null,null,null,null,null
null,null,null,null,null,null,null,null,null,null
null,null,null,null,null,null,null,null,null,null
null,null,null,null,null,null,null,null,null,null
null,null,null,null,null,null,null,null,null,null
null,null,null,null,null,null,null,null,null,null
null,null,null,null,null,null,null,null,null,null
null,null,null,null,null,null,null,null,null,null
null,null,null,null,null,null,null,null,null,null
null,null,null,null,null,null,null,null,null,null
null,null,null,null,null,null,null,18:27:45.979857400,null,null
null,null,null,null,null,null,null,null,null,null
null,null,null,null,null,null,null,null,null,null
null,null,null,null,null,null,null,null,null,null
null,null,null,null,null,null,null,null,null,null
null,null,null,null,null,null,null,null,null,null
null,null,null,null,null,null,null,null,null,null
null,null,null,null,null,null,null,null,null,null
null,null,null,null,null,null,null,null,null,null
null,null,null,null,null,null,null,null,null,null
null,null,null,null,null,null,null,null,null,null
null,null,null,null,null,null,null,null,null,null
null,null,null,null,null,18:27:47.532805700,null,null,null,null
null,null,null,null,null,null,null,null,null,null
null,null,null,null,null,null,null,null,null,null
null,null,null,null,null,null,null,null,null,null
null,null,null,null,null,null,null,null,null,null
null,null,null,null,null,null,null,null,null,null
null,null,null,null,null,null,null,null,null,null
null,null,null,null,null,null,null,null,null,null
null,null,null,null,null,null,null,null,null,null
null,null,null,null,null,null,null,null,null,null
null,null,null,null,null,null,null,18:27:48.780580400,null,null
null,null,null,null,null,null,null,null,null,null
null,null,null,null,null,null,null,null,null,null
null,null,null,null,null,null,null,null,null,null
null,null,null,null,null,null,null,null,null,null
null,null,null,null,null,null,null,null,null,null
null,null,null,null,null,null,null,null,null,null
null,null,null,null,null,null,null,null,null,null
null,null,null,null,null,null,null,null,null,null
null,null,null,null,null,null,null,null,null,null
null,null,null,null,null,null,null,null,null,null
null,null,null,null,null,null,null,null,null,null
null,null,null,null,null,18:27:50.465483200,null,null,null,null
null,null,null,null,null,null,null,null,null,null
null,null,null,null,null,null,null,null,null,null
null,null,null,null,null,null,null,null,null,null
null,null,null,null,null,null,null,null,null,null
null,null,null,null,null,null,null,null,null,null
null,null,null,null,null,null,null,null,null,null
null,null,null,null,null,null,null,null,null,null
null,null,null,null,null,null,null,null,null,null
null,null,null,null,null,null,null,null,null,null
null,null,null,null,null,null,null,null,null,null
null,null,null,null,null,null,null,18:27:51.788005300,null,null
null,null,null,null,null,null,null,null,null,null
null,null,null,null,null,null,null,null,null,null
null,null,null,null,null,null,null,null,null,null
null,null,null,null,null,null,null,null,null,null
null,null,null,null,null,null,null,null,null,null
null,null,null,null,null,null,null,null,null,null
null,null,null,null,null,null,null,null,null,null
null,null,null,null,null,null,null,null,null,null
null,null,null,null,null,null,null,null,null,null
null,null,null,null,null,null,null,null,null,null
null,null,null,null,null,null,null,null,null,null
null,null,null,null,null,18:27:53.344938400,null,null,null,null
null,null,null,null,null,null,null,null,null,null
null,null,null,null,null,null,null,null,null,null
null,null,null,null,null,null,null,null,null,null
null,null,null,null,null,null,null,null,null,null
null,null,null,null,null,null,null,null,null,null
null,null,null,null,null,null,null,null,null,null
null,null,null,null,null,null,null,null,null,null
null,null,null,null,null,null,null,null,null,null
null,null,null,null,null,null,null,null,null,null
null,null,null,null,null,null,null,18:27:54.503748400,null,null
null,null,null,null,null,null,null,null,null,null
null,null,null,null,null,null,null,null,null,null
null,null,null,null,null,null,null,null,null,null
null,null,null,null,null,null,null,null,null,null
null,null,null,null,null,null,null,null,null,null
null,null,null,null,null,null,null,null,null,null
null,null,null,null,null,null,null,null,null,null
null,null,null,null,null,null,null,null,null,null
null,null,null,null,null,null,null,null,null,null
null,null,null,null,null,null,null,null,null,null
null,null,null,null,null,null,null,null,null,null
null,null,null,null,null,18:27:55.975076700,null,null,null,null
null,null,null,null,null,null,null,null,null,null
null,null,null,null,null,null,null,null,null,null
null,null,null,null,null,null,null,null,null,null
null,null,null,null,null,null,null,null,null,null
null,null,null,null,null,null,null,null,null,null
null,null,null,null,null,null,null,null,null,null
null,null,null,null,null,null,null,null,null,null
null,null,null,null,null,null,null,null,null,null
null,null,null,null,null,null,null,null,null,null
null,null,null,null,null,null,null,18:27:57.090953100,null,null
null,null,null,null,null,null,null,null,null,null
null,null,null,null,null,null,null,null,null,null
null,null,null,null,null,null,null,null,null,null
null,null,null,null,null,null,null,null,null,null
null,null,null,null,null,null,null,null,null,null
null,null,null,null,null,null,null,null,null,null
null,null,null,null,null,null,null,null,null,null
null,null,null,null,null,null,null,null,null,null
null,null,null,null,null,null,null,null,null,null
null,null,null,null,null,null,null,null,null,null
null,null,null,null,null,null,null,null,null,null
null,null,null,null,null,18:27:58.587639400,null,null,null,null
null,null,null,null,null,null,null,null,null,null
null,null,null,null,null,null,null,null,null,null
null,null,null,null,null,null,null,null,null,null
null,null,null,null,null,null,null,null,null,null
null,null,null,null,null,null,null,null,null,null
null,null,null,null,null,null,null,null,null,null
null,null,null,null,null,null,null,null,null,null
null,null,null,null,null,null,null,null,null,null
null,null,null,null,null,null,null,null,null,null
null,null,null,null,null,null,null,18:27:59.747135,null,null
null,null,null,null,null,null,null,null,null,null
null,null,null,null,null,null,null,null,null,null
null,null,null,null,null,null,null,null,null,null
null,null,null,null,null,null,null,null,null,null
null,null,null,null,null,null,null,null,null,null
null,null,null,null,null,null,null,null,null,null
null,null,null,null,null,null,null,null,null,null
null,null,null,null,null,null,null,null,null,null
null,null,null,null,null,null,null,null,null,null
null,null,null,null,null,null,null,null,null,null
null,null,null,null,null,null,null,null,null,null
null,null,null,null,null,18:28:01.220366400,null,null,null,null
null,null,null,null,null,null,null,null,null,null
null,null,null,null,null,null,null,null,null,null
null,null,null,null,null,null,null,null,null,null
null,null,null,null,null,null,null,null,null,null
null,null,null,null,null,null,null,null,null,null
null,null,null,null,null,null,null,null,null,null
null,null,null,null,null,null,null,null,null,null
null,null,null,null,null,null,null,null,null,null
null,null,null,null,null,null,null,null,null,null
null,null,null,null,null,null,null,null,null,null
null,null,null,null,null,null,null,null,null,null
null,null,null,null,null,null,null,null,null,null
null,null,null,null,null,null,null,null,null,null
null,null,null,null,null,null,null,null,null,null
null,null,null,null,null,null,null,null,null,null
null,null,null,null,null,null,null,null,null,null
null,null,null,null,null,null,null,null,null,null
null,null,null,null,null,null,null,null,null,null
null,null,null,null,null,null,null,null,null,null
null,null,null,null,null,null,null,null,null,null
null,null,null,null,null,null,null,null,null,null
null,null,null,null,null,null,null,null,null,null
null,null,null,null,null,null,null,null,null,null
null,null,null,null,null,null,null,null,null,null
null,null,null,null,null,null,null,null,null,null
null,null,null,null,null,null,null,null,null,null
null,null,null,null,null,null,null,null,null,null
null,null,null,null,null,null,null,null,null,null
null,null,null,null,null,null,null,null,null,null
null,null,null,null,null,null,null,null,null,null
null,null,null,null,null,null,null,null,null,null
null,null,null,null,null,null,null,null,null,null
null,null,null,null,null,null,null,null,null,null
null,null,null,null,null,null,null,null,null,null
null,null,null,null,null,null,null,null,null,null
null,null,null,null,null,null,null,null,null,null
null,null,null,null,null,null,null,null,null,null
null,null,null,null,null,null,null,null,null,null
null,null,null,null,null,null,null,null,null,null
null,null,null,null,null,null,null,null,null,null
null,null,null,null,null,null,null,null,null,null
null,null,null,null,null,null,null,null,null,null
null,null,null,null,null,null,null,null,null,null
null,null,null,null,null,null,null,null,null,null
null,null,null,null,null,null,null,null,null,null
null,null,null,null,null,null,null,null,null,null
null,null,null,null,null,null,null,null,null,null
null,null,null,null,null,null,null,null,null,null
null,null,null,null,null,null,null,null,null,null
null,null,null,null,null,null,null,null,null,null
null,null,null,null,null,null,null,null,null,null
null,null,null,null,null,null,null,null,null,null
null,null,null,null,null,null,null,null,null,null
null,null,null,null,null,null,null,null,null,null
null,null,null,null,null,null,null,null,null,null
null,null,null,null,null,null,null,null,null,null
null,null,null,null,null,null,null,null,null,null
null,null,null,null,null,null,null,null,null,null
null,null,null,null,null,null,null,null,null,null
null,null,null,null,null,null,null,null,null,null
null,null,null,null,null,null,null,null,null,null
null,null,null,null,null,null,null,null,null,null
null,null,null,null,null,null,null,null,null,null
null,null,null,null,null,null,null,null,null,null
null,null,null,null,null,null,null,null,null,null
null,null,null,null,null,null,null,null,null,null
null,null,null,null,null,null,null,null,null,null
null,null,null,null,null,null,null,null,null,null
null,null,null,null,null,null,null,null,null,null
null,null,null,null,null,null,null,null,null,null
null,null,null,null,null,null,null,null,null,null
null,null,null,null,null,null,null,null,null,null
null,null,null,null,null,null,null,null,null,null
null,null,null,null,null,null,null,null,null,null
null,null,null,null,null,null,null,null,null,null
null,null,null,null,null,null,null,null,null,null
null,null,null,null,null,null,null,null,null,null
null,null,null,null,null,null,null,null,null,null
null,null,null,null,18:28:12.244441500,null,null,null,null,null
null,null,null,null,null,null,null,null,null,null
null,null,null,null,null,null,null,null,null,null
null,null,null,null,null,null,null,null,null,null
null,null,null,null,null,null,null,null,null,null
null,null,null,null,null,null,null,null,null,null
null,null,null,null,null,null,null,null,null,null
null,null,null,null,null,null,null,null,null,null
null,null,null,null,null,null,null,null,null,null
null,null,null,null,null,null,null,null,null,null
null,18:28:14.201740600,null,null,null,null,null,null,null,null
null,null,null,null,null,null,null,null,null,null
null,null,null,null,null,null,null,null,null,null
null,null,null,null,null,null,null,null,null,null
null,null,null,null,null,null,null,null,null,null
null,null,null,null,null,null,null,null,null,null
null,null,null,null,null,null,null,null,null,null
null,null,null,null,null,null,null,null,null,null
null,null,null,null,null,null,null,null,null,null
null,null,null,null,null,null,null,null,null,null
null,null,null,null,null,null,null,null,null,null
null,null,null,null,null,null,null,null,null,null
null,null,null,null,null,null,null,null,null,null
null,null,null,null,null,null,null,null,null,null
null,null,null,null,null,null,null,null,null,null
null,null,null,null,null,null,null,null,null,null
null,null,null,null,null,null,null,null,null,null
null,null,null,null,null,null,null,null,null,null
null,null,null,null,null,null,null,null,null,null
null,null,null,null,null,null,null,null,null,null
null,null,null,null,null,null,null,null,null,null
null,null,null,null,null,null,null,null,null,null
null,null,null,null,null,null,null,null,null,null
null,null,null,null,null,null,null,null,null,null
null,null,null,null,null,null,null,null,null,null
null,null,null,null,null,null,null,null,null,null
null,null,null,null,null,null,null,null,null,null
null,null,null,null,null,null,null,null,null,null
null,null,null,null,null,null,null,null,null,null
null,null,null,null,null,null,null,null,null,null
null,null,null,null,null,null,null,null,null,null
null,null,null,null,null,null,null,null,null,null
null,null,null,null,null,null,null,null,null,null
null,null,null,null,null,null,null,null,null,null
null,null,null,null,null,null,null,null,null,null
null,null,null,null,null,null,null,null,null,null
null,null,null,null,null,null,null,null,null,null
null,null,null,null,null,null,null,null,null,null
null,null,null,null,null,null,null,null,null,null
null,null,null,null,null,null,null,null,null,null
null,null,null,null,null,null,null,null,null,null
null,null,null,null,null,null,null,null,null,null
null,null,null,null,null,null,null,null,null,null
null,null,null,null,null,null,null,null,null,null
null,null,null,null,null,null,null,null,null,null
null,null,null,null,null,null,null,null,null,null
null,null,null,null,null,null,null,null,null,null
null,null,null,null,null,null,null,null,null,null
null,null,null,null,null,null,null,null,null,null
null,null,null,null,null,null,null,null,null,null
null,null,null,null,null,null,null,null,null,null
null,null,null,null,null,null,null,null,null,null
null,null,null,null,null,null,null,null,null,null
null,null,null,null,null,null,null,null,null,null
null,null,null,null,null,null,null,null,null,null
null,null,null,null,null,null,null,null,null,null
null,null,null,null,null,null,null,null,null,null
null,null,null,null,null,null,null,null,null,null
null,null,null,null,null,null,null,null,null,null
null,null,null,null,null,null,null,null,null,null
null,null,null,null,null,null,null,null,null,null
null,null,null,null,null,null,null,null,null,null
null,null,null,null,null,null,null,null,null,null
null,null,null,null,null,null,null,null,null,null
null,null,null,null,null,null,null,null,null,null
null,null,null,null,null,null,null,null,null,null
null,null,null,null,null,null,null,null,null,null
null,null,null,null,null,null,null,null,null,null
null,null,null,null,null,null,null,null,null,null
null,null,null,null,null,null,null,null,null,null
null,null,null,null,null,null,null,null,null,null
null,null,null,null,null,null,null,null,null,null
null,null,null,null,null,null,null,null,null,null
null,null,null,null,null,null,null,null,null,null
null,null,null,null,null,null,null,null,null,null
null,null,null,null,null,null,null,null,null,null
null,null,null,null,null,null,null,null,null,null
null,null,null,null,null,null,null,null,null,null
null,null,null,null,null,null,null,null,null,null
null,null,null,null,null,null,null,null,null,null
null,null,null,null,null,null,null,null,null,null
null,null,null,null,null,null,null,null,null,null
null,null,null,null,null,null,null,null,null,null
null,null,null,null,null,null,null,null,null,null
null,null,null,null,null,null,null,null,null,null
null,null,null,null,null,null,null,null,null,null
null,null,null,null,null,null,null,null,null,null
null,null,null,null,null,null,null,null,null,null
null,null,null,null,null,null,null,null,null,null
null,null,null,null,null,null,null,null,null,null
null,null,null,null,null,null,null,null,null,null
null,null,null,null,null,null,null,null,null,null
null,null,null,null,null,null,null,null,null,null
null,null,null,null,null,null,null,null,null,null
null,null,null,null,null,null,null,null,null,null
null,null,null,null,null,null,null,null,null,null
null,null,null,null,null,null,null,null,null,null
null,null,null,null,null,null,null,null,null,null
null,null,null,null,null,null,null,null,null,null
null,null,null,null,null,null,null,null,null,null
null,null,null,null,null,null,null,null,null,null
null,null,null,null,null,null,null,null,null,null
null,null,null,null,null,null,null,null,null,null
null,null,null,null,null,null,null,null,null,null
null,null,null,null,null,null,null,null,null,null
null,null,null,null,null,null,null,null,null,null
null,null,null,null,null,null,null,null,null,null
null,null,null,null,null,null,null,null,null,null
null,null,null,null,null,null,null,null,null,null
null,null,null,null,null,null,null,null,null,null
null,null,null,null,null,null,null,null,null,null
null,null,null,null,null,null,null,null,null,null
null,null,null,null,null,null,null,null,null,null
null,null,null,null,null,null,null,null,null,null
null,null,null,null,null,null,null,null,null,null
null,null,null,null,null,null,null,null,null,null
null,null,null,null,null,null,null,null,null,null
null,null,null,null,null,null,null,null,null,null
null,null,null,null,null,null,null,null,null,null
null,null,null,null,null,null,null,null,null,null
null,null,null,null,null,null,null,null,null,null
null,null,null,null,null,null,null,null,null,null
null,null,null,null,null,null,null,null,null,null
null,null,null,null,null,null,null,null,null,null
null,null,null,null,null,null,null,null,null,null
null,null,null,null,null,null,null,null,null,null
null,null,null,null,null,null,null,null,null,null
null,null,null,null,null,null,null,null,null,null
null,null,null,null,null,null,null,null,null,null
null,null,null,null,null,null,null,null,null,null
null,null,null,null,null,null,null,null,null,null
null,null,null,null,null,null,null,null,null,null
null,null,null,null,null,null,null,null,null,null
null,null,null,null,null,null,null,null,null,null
null,null,null,null,null,null,null,null,null,null
null,null,null,null,null,null,null,null,null,null
null,null,null,null,null,null,null,null,null,null
null,null,null,null,null,null,null,null,null,null
null,null,null,null,null,null,null,null,null,null
null,null,null,null,null,null,null,null,null,null
null,null,null,null,null,null,null,null,null,null
null,null,null,null,null,null,null,null,null,null
null,null,null,null,null,null,null,null,null,null
null,null,null,null,null,null,null,null,null,null
null,null,null,null,null,null,null,null,null,null
null,null,null,null,null,null,null,null,null,null
null,null,null,null,null,null,null,null,null,null
null,null,null,null,null,null,null,null,null,null
null,null,null,null,null,null,null,null,null,null
null,null,null,null,null,null,null,null,null,null
null,null,null,null,null,null,null,null,null,null
null,null,null,null,null,null,null,null,null,null
null,null,null,null,null,null,null,null,null,null
null,null,null,null,null,null,null,null,null,null
null,null,null,null,null,null,null,null,null,null
null,null,null,null,null,null,null,null,null,null
null,null,null,null,null,null,null,null,null,null
null,null,null,null,null,null,null,null,null,null
null,null,null,null,null,null,null,null,null,null
null,null,null,null,null,null,null,null,null,null
null,null,null,null,null,null,null,null,null,null
null,null,null,null,null,null,null,null,null,null
null,null,null,null,null,null,null,null,null,null
null,null,null,null,null,null,null,null,null,null
null,null,null,null,null,null,null,null,null,null
null,null,null,null,null,null,null,null,null,null
null,null,null,null,null,null,null,null,null,null
null,null,null,null,null,null,null,null,null,null
null,null,null,null,null,null,null,null,null,null
null,null,null,null,null,null,null,null,null,null
null,null,null,null,null,null,null,null,null,null
null,null,null,null,null,null,null,null,null,null
null,null,null,null,null,null,null,null,null,null
null,null,null,null,null,null,null,null,null,null
null,null,null,null,null,null,null,null,null,null
null,null,null,null,null,null,null,null,null,null
null,null,null,null,null,null,null,null,null,null
null,null,null,null,null,null,null,null,null,null
null,null,null,null,null,null,null,null,null,null
null,null,null,null,null,null,null,null,null,null
null,null,null,null,null,null,null,null,null,null
null,null,null,null,null,null,null,null,null,null
null,null,null,null,null,null,null,null,null,null
null,null,null,null,null,null,null,null,null,null
null,null,null,null,null,null,null,null,null,null
null,null,null,null,null,null,null,null,null,null
null,null,null,null,null,null,null,null,null,null
null,null,null,null,null,null,null,null,null,null
null,null,null,null,null,null,null,null,null,null
null,null,null,null,null,null,null,null,null,null
null,null,null,null,null,null,null,null,null,null
null,null,null,null,null,null,null,null,null,null
null,null,null,null,null,null,null,null,null,null
null,null,null,null,null,null,null,null,null,null
null,null,null,null,null,null,null,null,null,null
null,null,null,null,null,null,null,null,null,null
null,null,null,null,null,null,null,null,null,null
null,null,null,null,null,null,null,null,null,null
null,null,null,null,null,null,null,null,null,null
null,null,null,null,null,null,null,null,null,null
null,null,null,null,null,null,null,null,null,null
null,null,null,null,null,null,null,null,null,null
null,null,null,null,null,null,null,null,null,null
null,null,null,null,null,null,null,null,null,null
null,null,null,null,null,null,null,null,null,null
null,null,null,null,null,null,null,null,null,null
null,null,null,null,null,null,null,null,null,null
null,null,null,null,null,null,null,null,null,null
null,null,null,null,null,null,null,null,null,null
null,null,null,null,null,null,null,null,null,null
null,null,null,null,null,null,null,null,null,null
null,null,null,null,null,null,null,null,null,null
null,null,null,null,null,null,null,null,null,null
null,null,null,null,null,null,null,null,null,null
null,null,null,null,null,null,null,null,null,null
null,null,null,null,null,null,null,null,null,null
null,null,null,null,null,null,null,null,null,null
null,null,null,null,null,null,null,null,null,null
null,null,null,null,null,null,null,null,null,null
null,null,null,null,null,null,null,null,null,null
null,null,null,null,null,null,null,null,null,null
null,null,null,null,null,null,null,null,null,null
null,null,null,null,null,null,null,null,null,null
null,null,null,null,null,null,null,null,null,null
null,null,null,null,null,null,null,null,null,null
null,null,null,null,null,null,null,null,null,null
null,null,null,null,null,null,null,null,null,null
null,null,null,null,null,null,null,null,null,null
null,null,null,null,null,null,null,null,null,null
null,null,null,null,null,null,null,null,null,null
null,null,null,null,null,null,null,null,null,null
null,null,null,null,null,null,null,null,null,null
null,null,null,null,null,null,null,null,null,null
null,null,null,null,null,null,null,null,null,null
null,null,null,null,null,null,null,null,null,null
null,null,null,null,null,null,null,null,null,null
null,null,null,null,null,null,null,null,null,null
null,null,null,null,null,null,null,null,null,null
null,null,null,null,null,null,null,null,null,null
null,null,null,null,null,null,null,null,null,null
null,null,null,null,null,null,null,null,null,null
null,null,null,null,null,null,null,null,null,null
null,null,null,null,null,null,null,null,null,null
null,null,null,null,null,null,null,null,null,null
null,null,null,null,null,null,null,null,null,null
null,null,null,null,null,null,null,null,null,null
null,null,null,null,null,null,null,null,null,null
null,null,null,null,null,null,null,null,null,null
null,null,null,null,null,null,null,null,null,null
null,null,null,null,null,null,null,null,null,null
null,null,null,null,null,null,null,null,null,null
null,null,null,null,null,null,null,null,null,null
null,null,null,null,null,null,null,null,null,null
null,null,null,null,null,null,null,null,null,null
null,null,null,null,null,null,null,null,null,null
null,null,null,null,null,null,null,null,null,null
null,null,null,null,null,null,null,null,null,null
null,null,null,null,null,null,null,null,null,null
null,null,null,null,null,null,null,null,null,null
null,null,null,null,null,null,null,null,null,null
null,null,null,null,null,null,null,null,null,null
null,null,null,null,null,null,null,null,null,null
null,null,null,null,null,null,null,null,null,null
null,null,null,null,null,null,null,null,null,null
null,null,null,null,null,null,null,null,null,null
null,null,null,null,null,null,null,null,null,null
null,null,null,null,null,null,null,null,null,null
null,null,null,null,null,null,null,null,null,null
null,null,null,null,null,null,null,null,null,null
null,null,null,null,null,null,null,null,null,null
null,null,null,null,null,null,null,null,null,null
null,null,null,null,null,null,null,null,null,null
null,null,null,null,null,null,null,null,null,null
null,null,null,null,null,null,null,null,null,null
null,null,null,null,null,null,null,null,null,null
null,null,null,null,null,null,null,null,null,null
null,null,null,null,null,null,null,null,null,null
null,null,null,null,null,null,null,null,null,null
null,null,null,null,null,null,null,null,null,null
null,null,null,null,null,null,null,null,null,null
null,null,null,null,null,null,null,null,null,null
null,null,null,null,null,null,null,null,null,null
null,null,null,null,null,null,null,null,null,null
null,null,null,null,null,null,null,null,null,null
null,null,null,null,null,null,null,null,null,null
null,null,null,null,null,null,null,null,null,null
null,null,null,null,null,null,null,null,null,null
null,null,null,null,null,null,null,null,null,null
null,null,null,null,null,null,null,null,null,null
null,null,null,null,null,null,null,null,null,null
null,null,null,null,null,null,null,18:29:05.407973300,null,null
null,null,null,null,null,null,null,null,null,null
null,null,null,null,null,null,null,null,null,null
null,null,null,null,null,null,null,null,null,null
null,null,null,null,null,null,null,null,null,null
null,null,null,null,null,null,null,null,null,null
null,null,null,null,null,null,null,null,null,null
null,null,null,null,null,null,null,null,null,null
null,null,null,null,null,null,null,null,null,null
null,null,null,null,null,null,null,null,null,null
null,null,null,null,null,null,null,null,null,null
null,null,null,null,null,null,null,null,null,null
null,null,null,null,null,18:29:07.049428100,null,null,null,null
null,null,null,null,null,null,null,null,null,null
null,null,null,null,null,null,null,null,null,null
null,null,null,null,null,null,null,null,null,null
null,null,null,null,null,null,null,null,null,null
null,null,null,null,null,null,null,null,null,null
null,null,null,null,null,null,null,null,null,null
null,null,null,null,null,null,null,null,null,null
null,null,null,null,null,null,null,null,null,null
null,null,null,null,null,null,null,null,null,null
null,null,null,null,null,null,null,18:29:08.747283400,null,null
null,null,null,null,null,null,null,null,null,null
null,null,null,null,null,null,null,null,null,null
null,null,null,null,null,null,null,null,null,null
null,null,null,null,null,null,null,null,null,null
null,null,null,null,null,null,null,null,null,null
null,null,null,null,null,null,null,null,null,null
null,null,null,null,null,null,null,null,null,null
null,null,null,null,null,null,null,null,null,null
null,null,null,null,null,null,null,null,null,null
null,null,null,null,null,null,null,null,null,null
null,null,null,null,null,null,null,null,null,null
null,null,null,null,null,18:29:10.281106800,null,null,null,null
null,null,null,null,null,null,null,null,null,null
null,null,null,null,null,null,null,null,null,null
null,null,null,null,null,null,null,null,null,null
null,null,null,null,null,null,null,null,null,null
null,null,null,null,null,null,null,null,null,null
null,null,null,null,null,null,null,null,null,null
null,null,null,null,null,null,null,null,null,null
null,null,null,null,null,null,null,null,null,null
null,null,null,null,null,null,null,null,null,null
null,null,null,null,null,null,null,18:29:11.511092700,null,null
null,null,null,null,null,null,null,null,null,null
null,null,null,null,null,null,null,null,null,null
null,null,null,null,null,null,null,null,null,null
null,null,null,null,null,null,null,null,null,null
null,null,null,null,null,null,null,null,null,null
null,null,null,null,null,null,null,null,null,null
null,null,null,null,null,null,null,null,null,null
null,null,null,null,null,null,null,null,null,null
null,null,null,null,null,null,null,null,null,null
null,null,null,null,null,null,null,null,null,null
null,null,null,null,null,null,null,null,null,null
null,null,null,null,null,18:29:13.092791800,null,null,null,null
null,null,null,null,null,null,null,null,null,null
null,null,null,null,null,null,null,null,null,null
null,null,null,null,null,null,null,null,null,null
null,null,null,null,null,null,null,null,null,null
null,null,null,null,null,null,null,null,null,null
null,null,null,null,null,null,null,null,null,null
null,null,null,null,null,null,null,null,null,null
null,null,null,null,null,null,null,null,null,null
null,null,null,null,null,null,null,null,null,null
null,null,null,null,null,null,null,18:29:14.358832300,null,null
null,null,null,null,null,null,null,null,null,null
null,null,null,null,null,null,null,null,null,null
null,null,null,null,null,null,null,null,null,null
null,null,null,null,null,null,null,null,null,null
null,null,null,null,null,null,null,null,null,null
null,null,null,null,null,null,null,null,null,null
null,null,null,null,null,null,null,null,null,null
null,null,null,null,null,null,null,null,null,null
null,null,null,null,null,null,null,null,null,null
null,null,null,null,null,null,null,null,null,null
null,null,null,null,null,null,null,null,null,null
null,null,null,null,null,18:29:15.972085800,null,null,null,null
null,null,null,null,null,null,null,null,null,null
null,null,null,null,null,null,null,null,null,null
null,null,null,null,null,null,null,null,null,null
null,null,null,null,null,null,null,null,null,null
null,null,null,null,null,null,null,null,null,null
null,null,null,null,null,null,null,null,null,null
null,null,null,null,null,null,null,null,null,null
null,null,null,null,null,null,null,null,null,null
null,null,null,null,null,null,null,null,null,null
null,null,null,null,null,null,null,18:29:17.114868400,null,null
null,null,null,null,null,null,null,null,null,null
null,null,null,null,null,null,null,null,null,null
null,null,null,null,null,null,null,null,null,null
null,null,null,null,null,null,null,null,null,null
null,null,null,null,null,null,null,null,null,null
null,null,null,null,null,null,null,null,null,null
null,null,null,null,null,null,null,null,null,null
null,null,null,null,null,null,null,null,null,null
null,null,null,null,null,null,null,null,null,null
null,null,null,null,null,null,null,null,null,null
null,null,null,null,null,null,null,null,null,null
null,null,null,null,null,18:29:19.323948500,null,null,null,null
null,null,null,null,null,null,null,null,null,null
null,null,null,null,null,null,null,null,null,null
null,null,null,null,null,null,null,null,null,null
null,null,null,null,null,null,null,null,null,null
null,null,null,null,null,null,null,null,null,null
null,null,null,null,null,null,null,null,null,null
null,null,null,null,null,null,null,null,null,null
null,null,null,null,null,null,null,null,null,null
null,null,null,null,null,null,null,null,null,null
null,null,null,null,null,null,null,18:29:20.438888700,null,null
null,null,null,null,null,null,null,null,null,null
null,null,null,null,null,null,null,null,null,null
null,null,null,null,null,null,null,null,null,null
null,null,null,null,null,null,null,null,null,null
null,null,null,null,null,null,null,null,null,null
null,null,null,null,null,null,null,null,null,null
null,null,null,null,null,null,null,null,null,null
null,null,null,null,null,null,null,null,null,null
null,null,null,null,null,null,null,null,null,null
null,null,null,null,null,null,null,null,null,null
null,null,null,null,null,null,null,null,null,null
null,null,null,null,null,18:29:21.996135500,null,null,null,null
null,null,null,null,null,null,null,null,null,null
null,null,null,null,null,null,null,null,null,null
null,null,null,null,null,null,null,null,null,null
null,null,null,null,null,null,null,null,null,null
null,null,null,null,null,null,null,null,null,null
null,null,null,null,null,null,null,null,null,null
null,null,null,null,null,null,null,null,null,null
null,null,null,null,null,null,null,null,null,null
null,null,null,null,null,null,null,null,null,null
null,null,null,null,null,null,null,18:29:23.162376200,null,null
null,null,null,null,null,null,null,null,null,null
null,null,null,null,null,null,null,null,null,null
null,null,null,null,null,null,null,null,null,null
null,null,null,null,null,null,null,null,null,null
null,null,null,null,null,null,null,null,null,null
null,null,null,null,null,null,null,null,null,null
null,null,null,null,null,null,null,null,null,null
null,null,null,null,null,null,null,null,null,null
null,null,null,null,null,null,null,null,null,null
null,null,null,null,null,null,null,null,null,null
null,null,null,null,null,null,null,null,null,null
null,null,null,null,null,18:29:24.677679100,null,null,null,null
null,null,null,null,null,null,null,null,null,null
null,null,null,null,null,null,null,null,null,null
null,null,null,null,null,null,null,null,null,null
null,null,null,null,null,null,null,null,null,null
null,null,null,null,null,null,null,null,null,null
null,null,null,null,null,null,null,null,null,null
null,null,null,null,null,null,null,null,null,null
null,null,null,null,null,null,null,null,null,null
null,null,null,null,null,null,null,null,null,null
null,null,null,null,null,null,null,18:29:25.822465800,null,null
null,null,null,null,null,null,null,null,null,null
null,null,null,null,null,null,null,null,null,null
null,null,null,null,null,null,null,null,null,null
null,null,null,null,null,null,null,null,null,null
null,null,null,null,null,null,null,null,null,null
null,null,null,null,null,null,null,null,null,null
null,null,null,null,null,null,null,null,null,null
null,null,null,null,null,null,null,null,null,null
null,null,null,null,null,null,null,null,null,null
null,null,null,null,null,null,null,null,null,null
null,null,null,null,null,null,null,null,null,null
null,null,null,null,null,18:29:27.405320200,null,null,null,null
null,null,null,null,null,null,null,null,null,null
null,null,null,null,null,null,null,null,null,null
null,null,null,null,null,null,null,null,null,null
null,null,null,null,null,null,null,null,null,null
null,null,null,null,null,null,null,null,null,null
null,null,null,null,null,null,null,null,null,null
null,null,null,null,null,null,null,null,null,null
null,null,null,null,null,null,null,null,null,null
null,null,null,null,null,null,null,null,null,null
null,null,null,null,null,null,null,null,null,null
null,null,null,null,null,null,null,null,null,null
null,null,null,null,null,null,null,null,null,null
null,null,null,null,null,null,null,null,null,null
null,null,null,null,null,null,null,null,null,null
null,null,null,null,null,null,null,null,null,null
null,null,null,null,null,null,null,null,null,null
null,null,null,null,null,null,null,null,null,null
null,null,null,null,null,null,null,null,null,null
null,null,null,null,null,null,null,null,null,null
null,null,null,null,null,null,null,null,null,null
null,null,null,null,null,null,null,null,null,null
null,null,null,null,null,null,null,null,null,null
null,null,null,null,null,null,null,null,null,null
null,null,null,null,null,null,null,null,null,null
null,null,null,null,null,null,null,null,null,null
null,null,null,null,null,null,null,null,null,null
null,null,null,null,null,null,null,null,null,null
null,null,null,null,null,null,null,null,null,null
null,null,null,null,null,null,null,null,null,null
null,null,null,null,null,null,null,null,null,null
null,null,null,null,null,null,null,null,null,null
null,null,null,null,null,null,null,null,null,null
null,null,null,null,null,null,null,null,null,null
null,null,null,null,null,null,null,null,null,null
null,null,null,null,null,null,null,null,null,null
null,null,null,null,null,null,null,null,null,null
null,null,null,null,null,null,null,null,null,null
null,null,null,null,null,null,null,null,null,null
null,null,null,null,null,null,null,null,null,null
null,null,null,null,null,null,null,null,null,null
null,null,null,null,null,null,null,null,null,null
null,null,null,null,null,null,null,null,null,null
null,null,null,null,null,null,null,null,null,null
null,null,null,null,null,null,null,null,null,null
null,null,null,null,null,null,null,null,null,null
null,null,null,null,null,null,null,null,null,null
null,null,null,null,null,null,null,null,null,null
null,null,null,null,null,null,null,null,null,null
null,null,null,null,null,null,null,null,null,null
null,null,null,null,null,null,null,null,null,null
null,null,null,null,null,null,null,null,null,null
null,null,null,null,null,null,null,null,null,null
null,null,null,null,null,null,null,null,null,null
null,null,null,null,null,null,null,null,null,null
null,null,null,null,null,null,null,null,null,null
null,null,null,null,null,null,null,null,null,null
null,null,null,null,null,null,null,null,null,null
null,null,null,null,null,null,null,null,null,null
null,null,null,null,null,null,null,null,null,null
null,null,null,null,null,null,null,null,null,null
null,null,null,null,null,null,null,null,null,null
null,null,null,null,null,null,null,null,null,null
null,null,null,null,null,null,null,null,null,null
null,null,null,null,null,null,null,null,null,null
null,null,null,null,null,null,null,null,null,null
null,null,null,null,null,null,null,null,null,null
null,null,null,null,null,null,null,null,null,null
null,null,null,null,null,null,null,null,null,null
null,null,null,null,null,null,null,null,null,null
null,null,null,null,null,null,18:29:42.220853100,null,null,null
