door26,endExploreRecorder,endTest,startExploreRecorder,startTest,null
null,null,null,null,null,null
null,null,null,null,00:21:25.449730500,null
null,null,null,null,null,null
null,null,null,null,null,null
null,null,null,null,null,null
null,null,null,null,null,null
null,null,null,null,null,null
null,null,null,null,null,null
null,null,null,null,null,null
null,null,null,null,null,null
null,null,null,00:21:27.883067900,null,null
null,null,null,null,null,null
null,null,null,null,null,null
null,null,null,null,null,null
null,null,null,null,null,null
null,null,null,null,null,null
null,null,null,null,null,null
null,null,null,null,null,null
null,null,null,null,null,null
null,null,null,null,null,null
null,null,null,null,null,null
null,null,null,null,null,null
null,null,null,null,null,null
null,null,null,null,null,null
null,null,null,null,null,null
null,null,null,null,null,null
null,null,null,null,null,null
null,null,null,null,null,null
null,null,null,null,null,null
null,null,null,null,null,null
null,null,null,null,null,null
null,null,null,null,null,null
null,null,null,null,null,null
null,00:21:29.743168400,null,null,null,null
null,null,null,null,null,null
null,null,null,null,null,null
null,null,null,null,null,null
null,null,null,null,null,null
null,null,null,null,null,null
null,null,null,null,null,null
null,null,null,null,null,null
null,null,null,null,null,null
null,null,null,null,null,null
null,null,null,null,null,null
null,null,null,null,null,null
null,null,null,null,null,null
null,null,null,null,null,null
null,null,null,null,null,null
null,null,null,null,null,null
null,null,null,null,null,null
null,null,null,null,null,null
null,null,null,null,null,null
null,null,null,null,null,null
null,null,null,null,null,null
null,null,null,null,null,null
null,null,null,null,null,null
null,null,null,null,null,null
null,null,null,null,null,null
null,null,null,null,null,null
null,null,null,null,null,null
null,null,null,null,null,null
null,null,null,null,null,null
null,null,null,null,null,null
null,null,null,null,null,null
null,null,null,null,null,null
null,null,null,null,null,null
null,null,null,null,null,null
null,null,null,null,null,null
null,null,null,null,null,null
null,null,null,null,null,null
null,null,null,null,null,null
null,null,null,null,null,null
null,null,null,null,null,null
null,null,null,null,null,null
null,null,null,null,null,null
null,null,null,null,null,null
null,null,null,null,null,null
null,null,null,null,null,null
null,null,null,null,null,null
null,null,null,null,null,null
null,null,null,null,null,null
null,null,null,null,null,null
null,null,null,null,null,null
null,null,null,null,null,null
null,null,null,null,null,null
null,null,null,null,null,null
null,null,null,null,null,null
null,null,null,null,null,null
null,null,null,null,null,null
null,null,null,null,null,null
null,null,null,null,null,null
null,null,null,null,null,null
null,null,null,null,null,null
null,null,null,null,null,null
null,null,null,null,null,null
null,null,null,null,null,null
null,null,null,null,null,null
null,null,null,null,null,null
null,null,null,null,null,null
null,null,null,null,null,null
00:21:36.112116200,null,null,null,null,null
null,null,null,null,null,null
null,null,null,null,null,null
null,null,null,null,null,null
null,null,null,null,null,null
null,null,null,null,null,null
null,null,null,null,null,null
null,null,null,null,null,null
null,null,null,null,null,null
null,null,null,null,null,null
null,null,null,null,null,null
null,null,null,null,null,null
null,null,null,null,null,null
null,null,null,null,null,null
null,null,null,null,null,null
null,null,null,null,null,null
null,null,null,null,null,null
null,null,null,null,null,null
null,null,null,null,null,null
null,null,null,null,null,null
null,null,null,null,null,null
null,null,null,null,null,null
null,null,null,null,null,null
null,null,null,null,null,null
null,null,null,null,null,null
null,null,null,null,null,null
null,null,null,null,null,null
null,null,null,null,null,null
null,null,null,null,null,null
null,null,null,null,null,null
null,null,null,null,null,null
null,null,null,null,null,null
null,null,null,null,null,null
null,null,null,null,null,null
null,null,null,null,null,null
null,null,null,null,null,null
null,null,00:21:40.224421900,null,null,null
