door1,door2,door3,endExploreRecorder,endTest,startExploreRecorder,startTest,null
null,null,null,null,null,null,null,null
null,null,null,null,null,null,14:26:48.799693500,null
null,null,null,null,null,null,null,null
null,null,null,null,null,null,null,null
null,null,null,null,null,null,null,null
null,null,null,null,null,null,null,null
null,null,null,null,null,null,null,null
null,null,null,null,null,null,null,null
null,null,null,null,null,null,null,null
null,null,null,null,null,null,null,null
null,null,null,null,null,14:26:51.117461900,null,null
null,null,null,null,null,null,null,null
null,null,null,null,null,null,null,null
null,null,null,null,null,null,null,null
null,null,null,null,null,null,null,null
null,null,null,null,null,null,null,null
null,null,null,null,null,null,null,null
null,null,null,null,null,null,null,null
null,null,null,null,null,null,null,null
null,null,null,null,null,null,null,null
null,null,null,null,null,null,null,null
null,null,null,null,null,null,null,null
null,null,null,null,null,null,null,null
null,null,null,null,null,null,null,null
null,null,null,null,null,null,null,null
null,null,null,null,null,null,null,null
null,null,null,null,null,null,null,null
null,null,null,null,null,null,null,null
null,null,null,null,null,null,null,null
null,null,null,null,null,null,null,null
null,null,null,null,null,null,null,null
null,null,null,null,null,null,null,null
null,null,null,null,null,null,null,null
null,null,null,14:26:52.737588800,null,null,null,null
null,null,null,null,null,null,null,null
null,null,null,null,null,null,null,null
null,null,null,null,null,null,null,null
null,null,null,null,null,null,null,null
null,null,null,null,null,null,null,null
null,null,null,null,null,null,null,null
null,null,null,null,null,null,null,null
null,null,null,null,null,null,null,null
null,null,null,null,null,null,null,null
null,null,null,null,null,null,null,null
null,null,null,null,null,null,null,null
null,null,null,null,null,null,null,null
null,null,null,null,null,null,null,null
null,null,null,null,null,null,null,null
null,null,null,null,null,null,null,null
null,null,null,null,null,null,null,null
null,null,null,null,null,null,null,null
null,null,null,null,null,null,null,null
null,null,null,null,null,null,null,null
null,null,null,null,null,null,null,null
null,null,null,null,null,null,null,null
null,null,null,null,null,null,null,null
null,null,null,null,null,null,null,null
null,null,null,null,null,null,null,null
null,null,null,null,null,null,null,null
null,null,null,null,null,null,null,null
null,null,null,null,null,null,null,null
null,null,null,null,null,null,null,null
null,null,null,null,null,null,null,null
null,null,null,null,null,null,null,null
null,null,null,null,null,null,null,null
null,null,null,null,null,null,null,null
null,null,null,null,null,null,null,null
null,null,null,null,null,null,null,null
null,null,null,null,null,null,null,null
null,null,null,null,null,null,null,null
null,null,null,null,null,null,null,null
null,null,null,null,null,null,null,null
null,null,null,null,null,null,null,null
null,null,null,null,null,null,null,null
null,null,null,null,null,null,null,null
null,null,null,null,null,null,null,null
null,null,null,null,null,14:26:55.459720700,null,null
null,null,null,null,null,null,null,null
null,null,null,null,null,null,null,null
null,null,null,null,null,null,null,null
null,null,null,null,null,null,null,null
null,null,null,null,null,null,null,null
null,null,null,null,null,null,null,null
null,null,null,null,null,null,null,null
null,null,null,null,null,null,null,null
null,null,null,null,null,null,null,null
null,null,null,null,null,null,null,null
null,null,null,null,null,null,null,null
null,null,null,null,null,null,null,null
null,null,null,null,null,null,null,null
null,null,null,null,null,null,null,null
null,null,null,null,null,null,null,null
null,null,null,null,null,null,null,null
null,null,null,null,null,null,null,null
null,null,null,null,null,null,null,null
null,null,null,null,null,null,null,null
null,null,null,null,null,null,null,null
null,null,null,null,null,null,null,null
null,null,null,null,null,null,null,null
null,null,null,14:26:56.882785300,null,null,null,null
null,null,null,null,null,null,null,null
null,null,null,null,null,null,null,null
null,null,null,null,null,null,null,null
null,null,null,null,null,null,null,null
null,null,null,null,null,null,null,null
null,null,null,null,null,null,null,null
null,null,null,null,null,null,null,null
null,null,null,null,null,null,null,null
null,null,null,null,null,null,null,null
null,null,null,null,null,null,null,null
null,null,null,null,null,null,null,null
null,null,null,null,null,null,null,null
null,null,null,null,null,null,null,null
null,null,null,null,null,null,null,null
null,null,null,null,null,null,null,null
null,null,null,null,null,null,null,null
null,null,null,null,null,null,null,null
null,null,null,null,null,null,null,null
null,null,null,null,null,null,null,null
null,null,null,null,null,null,null,null
null,null,null,null,null,null,null,null
null,null,null,null,null,null,null,null
null,null,null,null,null,null,null,null
null,null,null,null,null,null,null,null
null,null,null,null,null,null,null,null
null,null,null,null,null,null,null,null
null,null,null,null,null,null,null,null
null,null,null,null,null,null,null,null
null,null,null,null,null,null,null,null
null,null,null,null,null,null,null,null
null,null,null,null,null,null,null,null
null,null,null,null,null,null,null,null
null,null,null,null,null,null,null,null
null,null,null,null,null,null,null,null
null,null,null,null,null,null,null,null
null,null,null,null,null,null,null,null
14:26:59.266003100,null,null,null,null,null,null,null
null,null,null,null,null,null,null,null
null,null,null,null,null,null,null,null
null,null,null,null,null,null,null,null
null,null,null,null,null,null,null,null
null,null,null,null,null,null,null,null
null,null,null,null,null,null,null,null
null,null,null,null,null,null,null,null
null,null,null,null,null,null,null,null
null,null,null,null,null,null,null,null
null,null,null,null,null,null,null,null
null,null,null,null,null,null,null,null
null,null,null,null,null,null,null,null
null,null,null,null,null,null,null,null
null,null,null,null,null,null,null,null
null,null,null,null,null,null,null,null
null,null,null,null,null,null,null,null
null,null,null,null,null,null,null,null
null,null,null,null,null,null,null,null
null,null,null,null,null,null,null,null
null,null,null,null,null,null,null,null
null,null,null,null,null,null,null,null
null,null,null,null,null,null,null,null
null,null,null,null,null,null,null,null
null,null,null,null,null,null,null,null
null,null,null,null,null,null,null,null
null,null,null,null,null,null,null,null
null,null,null,null,null,null,null,null
null,null,null,null,null,null,null,null
null,null,null,null,null,null,null,null
null,null,null,null,null,null,null,null
null,null,null,null,null,null,null,null
null,null,null,null,null,null,null,null
null,null,null,null,null,null,null,null
null,null,null,null,null,null,null,null
null,null,null,null,null,null,null,null
null,null,null,null,null,null,null,null
null,null,null,null,null,null,null,null
null,null,null,null,null,null,null,null
null,null,null,null,null,null,null,null
null,null,null,null,null,null,null,null
null,null,null,null,null,null,null,null
null,null,null,null,null,null,null,null
null,null,null,null,null,null,null,null
null,null,null,null,null,null,null,null
null,null,null,null,null,null,null,null
null,null,null,null,null,null,null,null
null,null,null,null,null,null,null,null
null,null,null,null,null,null,null,null
null,null,null,null,null,14:27:03.761162100,null,null
null,null,null,null,null,null,null,null
null,null,null,null,null,null,null,null
null,null,null,null,null,null,null,null
null,null,null,null,null,null,null,null
null,null,null,null,null,null,null,null
null,null,null,null,null,null,null,null
null,null,null,null,null,null,null,null
null,null,null,null,null,null,null,null
null,null,null,null,null,null,null,null
null,null,null,null,null,null,null,null
null,null,null,null,null,null,null,null
null,null,null,null,null,null,null,null
null,null,null,null,null,null,null,null
null,null,null,null,null,null,null,null
null,null,null,null,null,null,null,null
null,null,null,null,null,null,null,null
null,null,null,null,null,null,null,null
null,null,null,null,null,null,null,null
null,null,null,null,null,null,null,null
null,null,null,null,null,null,null,null
null,null,null,null,null,null,null,null
null,null,null,null,null,null,null,null
null,null,null,14:27:05.200821100,null,null,null,null
null,null,null,null,null,null,null,null
null,null,null,null,null,null,null,null
null,null,null,null,null,null,null,null
null,null,null,null,null,null,null,null
null,null,null,null,null,null,null,null
null,null,null,null,null,null,null,null
null,null,null,null,null,null,null,null
null,null,null,null,null,null,null,null
null,null,null,null,null,null,null,null
null,null,null,null,null,null,null,null
null,null,null,null,null,null,null,null
null,null,null,null,null,null,null,null
null,null,null,null,null,null,null,null
null,null,null,null,null,null,null,null
null,null,null,null,null,null,null,null
null,null,null,null,null,null,null,null
null,null,null,null,null,null,null,null
null,null,null,null,null,null,null,null
null,null,null,null,null,null,null,null
null,null,null,null,null,null,null,null
null,null,null,null,null,null,null,null
null,null,null,null,null,null,null,null
null,null,null,null,null,null,null,null
null,null,null,null,null,null,null,null
null,null,null,null,null,null,null,null
null,null,null,null,null,null,null,null
null,null,null,null,null,null,null,null
null,null,null,null,null,null,null,null
null,null,null,null,null,null,null,null
null,null,null,null,null,null,null,null
null,null,null,null,null,null,null,null
null,null,null,null,null,null,null,null
null,null,null,null,null,null,null,null
null,null,null,null,null,null,null,null
null,null,null,null,null,null,null,null
null,null,null,null,null,null,null,null
null,null,null,null,null,null,null,null
null,null,null,null,null,null,null,null
null,null,null,null,null,null,null,null
null,null,null,null,null,null,null,null
null,null,null,null,null,null,null,null
null,null,null,null,null,null,null,null
null,null,null,null,null,null,null,null
null,null,null,null,null,null,null,null
null,null,null,null,null,null,null,null
null,null,null,null,null,null,null,null
null,null,null,null,null,null,null,null
null,null,null,null,null,null,null,null
null,null,null,null,null,null,null,null
null,null,null,null,null,null,null,null
null,null,null,null,null,14:27:08.461840400,null,null
null,null,null,null,null,null,null,null
null,null,null,null,null,null,null,null
null,null,null,null,null,null,null,null
null,null,null,null,null,null,null,null
null,null,null,null,null,null,null,null
null,null,null,null,null,null,null,null
null,null,null,null,null,null,null,null
null,null,null,null,null,null,null,null
null,null,null,null,null,null,null,null
null,null,null,null,null,null,null,null
null,null,null,null,null,null,null,null
null,null,null,null,null,null,null,null
null,null,null,null,null,null,null,null
null,null,null,null,null,null,null,null
null,null,null,null,null,null,null,null
null,null,null,null,null,null,null,null
null,null,null,null,null,null,null,null
null,null,null,null,null,null,null,null
null,null,null,null,null,null,null,null
null,null,null,null,null,null,null,null
null,null,null,null,null,null,null,null
null,null,null,null,null,null,null,null
null,null,null,14:27:09.849793500,null,null,null,null
null,null,null,null,null,null,null,null
null,null,null,null,null,null,null,null
null,null,null,null,null,null,null,null
null,null,null,null,null,null,null,null
null,null,null,null,null,null,null,null
null,null,null,null,null,null,null,null
null,null,null,null,null,null,null,null
null,null,null,null,null,null,null,null
null,null,null,null,null,14:27:10.349228700,null,null
null,null,null,null,null,null,null,null
null,null,null,null,null,null,null,null
null,null,null,null,null,null,null,null
null,null,null,null,null,null,null,null
null,null,null,null,null,null,null,null
null,null,null,null,null,null,null,null
null,null,null,null,null,null,null,null
null,null,null,null,null,null,null,null
null,null,null,null,null,null,null,null
null,null,null,null,null,null,null,null
null,null,null,null,null,null,null,null
null,null,null,null,null,null,null,null
null,null,null,null,null,null,null,null
null,null,null,null,null,null,null,null
null,null,null,null,null,null,null,null
null,null,null,null,null,null,null,null
null,null,null,null,null,null,null,null
null,null,null,null,null,null,null,null
null,null,null,null,null,null,null,null
null,null,null,null,null,null,null,null
null,null,null,null,null,null,null,null
null,null,null,null,null,null,null,null
null,null,null,14:27:11.727904400,null,null,null,null
null,null,null,null,null,null,null,null
null,null,null,null,null,null,null,null
null,null,null,null,null,null,null,null
null,null,null,null,null,null,null,null
null,null,null,null,null,null,null,null
null,null,null,null,null,null,null,null
null,null,null,null,null,null,null,null
null,null,null,null,null,null,null,null
null,null,null,null,null,null,null,null
null,null,null,null,null,null,null,null
null,null,null,null,null,null,null,null
null,null,null,null,null,null,null,null
null,null,null,null,null,null,null,null
null,null,null,null,null,null,null,null
null,null,null,null,null,null,null,null
null,null,null,null,null,null,null,null
null,null,null,null,null,null,null,null
null,null,null,null,null,null,null,null
null,null,null,null,null,null,null,null
null,null,null,null,null,null,null,null
null,null,null,null,null,null,null,null
null,null,null,null,null,null,null,null
null,null,null,null,null,null,null,null
null,null,null,null,null,null,null,null
null,null,null,null,null,null,null,null
null,null,null,null,null,null,null,null
null,null,null,null,null,null,null,null
null,null,null,null,null,null,null,null
null,null,null,null,null,null,null,null
null,null,null,null,null,null,null,null
null,null,null,null,null,null,null,null
null,null,null,null,null,null,null,null
null,null,null,null,null,null,null,null
null,null,null,null,null,null,null,null
null,null,null,null,null,null,null,null
null,null,null,null,null,null,null,null
null,null,null,null,null,null,null,null
null,null,null,null,null,null,null,null
null,null,null,null,null,null,null,null
null,null,null,null,null,null,null,null
null,null,null,null,null,null,null,null
null,null,null,null,null,null,null,null
null,null,null,null,null,null,null,null
null,null,null,null,null,null,null,null
null,null,null,null,null,null,null,null
null,null,null,null,null,null,null,null
null,null,null,null,null,null,null,null
null,null,null,null,null,null,null,null
null,null,null,null,null,null,null,null
null,null,null,null,null,null,null,null
null,null,null,null,null,null,null,null
null,null,null,null,null,null,null,null
null,null,null,null,null,null,null,null
null,null,null,null,null,null,null,null
null,null,null,null,null,null,null,null
null,null,null,null,null,null,null,null
null,null,null,null,null,null,null,null
null,null,null,null,null,null,null,null
null,null,null,null,null,null,null,null
null,null,null,null,null,null,null,null
null,null,null,null,null,null,null,null
null,null,null,null,null,null,null,null
null,null,null,null,null,14:27:15.763847,null,null
null,null,null,null,null,null,null,null
null,null,null,null,null,null,null,null
null,null,null,null,null,null,null,null
null,null,null,null,null,null,null,null
null,null,null,null,null,null,null,null
null,null,null,null,null,null,null,null
null,null,null,null,null,null,null,null
null,null,null,null,null,null,null,null
null,null,null,null,null,null,null,null
null,null,null,null,null,null,null,null
null,null,null,null,null,null,null,null
null,null,null,null,null,null,null,null
null,null,null,null,null,null,null,null
null,null,null,null,null,null,null,null
null,null,null,null,null,null,null,null
null,null,null,null,null,null,null,null
null,null,null,null,null,null,null,null
null,null,null,null,null,null,null,null
null,null,null,null,null,null,null,null
null,null,null,null,null,null,null,null
null,null,null,null,null,null,null,null
null,null,null,null,null,null,null,null
null,null,null,14:27:17.160912200,null,null,null,null
null,null,null,null,null,null,null,null
null,null,null,null,null,null,null,null
null,null,null,null,null,null,null,null
null,null,null,null,null,null,null,null
null,null,null,null,null,null,null,null
null,null,null,null,null,null,null,null
null,null,null,null,null,null,null,null
null,null,null,null,null,null,null,null
null,null,null,null,null,14:27:17.660583300,null,null
null,null,null,null,null,null,null,null
null,null,null,null,null,null,null,null
null,null,null,null,null,null,null,null
null,null,null,null,null,null,null,null
null,null,null,null,null,null,null,null
null,null,null,null,null,null,null,null
null,null,null,null,null,null,null,null
null,null,null,null,null,null,null,null
null,null,null,null,null,null,null,null
null,null,null,null,null,null,null,null
null,null,null,null,null,null,null,null
null,null,null,null,null,null,null,null
null,null,null,null,null,null,null,null
null,null,null,null,null,null,null,null
null,null,null,null,null,null,null,null
null,null,null,null,null,null,null,null
null,null,null,null,null,null,null,null
null,null,null,null,null,null,null,null
null,null,null,null,null,null,null,null
null,null,null,null,null,null,null,null
null,null,null,null,null,null,null,null
null,null,null,null,null,null,null,null
null,null,null,14:27:19.067363600,null,null,null,null
null,null,null,null,null,null,null,null
null,null,null,null,null,null,null,null
null,null,null,null,null,null,null,null
null,null,null,null,null,null,null,null
null,null,null,null,null,null,null,null
null,null,null,null,null,null,null,null
null,null,null,null,null,null,null,null
null,null,null,null,null,null,null,null
null,null,null,null,null,14:27:19.558255,null,null
null,null,null,null,null,null,null,null
null,null,null,null,null,null,null,null
null,null,null,null,null,null,null,null
null,null,null,null,null,null,null,null
null,null,null,null,null,null,null,null
null,null,null,null,null,null,null,null
null,null,null,null,null,null,null,null
null,null,null,null,null,null,null,null
null,null,null,null,null,null,null,null
null,null,null,null,null,null,null,null
null,null,null,null,null,null,null,null
null,null,null,null,null,null,null,null
null,null,null,null,null,null,null,null
null,null,null,null,null,null,null,null
null,null,null,null,null,null,null,null
null,null,null,null,null,null,null,null
null,null,null,null,null,null,null,null
null,null,null,null,null,null,null,null
null,null,null,null,null,null,null,null
null,null,null,null,null,null,null,null
null,null,null,null,null,null,null,null
null,null,null,null,null,null,null,null
null,null,null,14:27:20.949686900,null,null,null,null
null,null,null,null,null,null,null,null
null,null,null,null,null,null,null,null
null,null,null,null,null,null,null,null
null,null,null,null,null,null,null,null
null,null,null,null,null,null,null,null
null,null,null,null,null,null,null,null
null,null,null,null,null,null,null,null
null,null,null,null,null,null,null,null
null,null,null,null,null,14:27:21.449156800,null,null
null,null,null,null,null,null,null,null
null,null,null,null,null,null,null,null
null,null,null,null,null,null,null,null
null,null,null,null,null,null,null,null
null,null,null,null,null,null,null,null
null,null,null,null,null,null,null,null
null,null,null,null,null,null,null,null
null,null,null,null,null,null,null,null
null,null,null,null,null,null,null,null
null,null,null,null,null,null,null,null
null,null,null,null,null,null,null,null
null,null,null,null,null,null,null,null
null,null,null,null,null,null,null,null
null,null,null,null,null,null,null,null
null,null,null,null,null,null,null,null
null,null,null,null,null,null,null,null
null,null,null,null,null,null,null,null
null,null,null,null,null,null,null,null
null,null,null,null,null,null,null,null
null,null,null,null,null,null,null,null
null,null,null,null,null,null,null,null
null,null,null,null,null,null,null,null
null,null,null,14:27:22.843107,null,null,null,null
null,null,null,null,null,null,null,null
null,null,null,null,null,null,null,null
null,null,null,null,null,null,null,null
null,null,null,null,null,null,null,null
null,null,null,null,null,null,null,null
null,null,null,null,null,null,null,null
null,null,null,null,null,null,null,null
null,null,null,null,null,null,null,null
null,null,null,null,null,null,null,null
null,null,null,null,null,null,null,null
null,null,null,null,null,null,null,null
null,null,null,null,null,null,null,null
null,null,null,null,null,null,null,null
null,null,null,null,null,null,null,null
null,null,null,null,null,null,null,null
null,null,null,null,null,null,null,null
null,null,null,null,null,null,null,null
null,null,null,null,null,null,null,null
null,null,null,null,null,null,null,null
null,null,null,null,null,null,null,null
null,null,null,null,null,null,null,null
null,null,null,null,null,null,null,null
null,null,null,null,null,null,null,null
null,null,null,null,null,null,null,null
null,null,null,null,null,null,null,null
null,null,null,null,null,null,null,null
null,null,null,null,null,null,null,null
null,null,null,null,null,null,null,null
null,null,null,null,null,null,null,null
null,null,null,null,null,null,null,null
null,null,null,null,null,null,null,null
null,null,null,null,null,null,null,null
null,null,null,null,null,null,null,null
null,null,null,null,null,null,null,null
null,null,null,null,null,null,null,null
null,null,null,null,null,null,null,null
null,null,null,null,null,null,null,null
null,null,null,null,null,null,null,null
null,null,null,null,null,null,null,null
null,null,null,null,null,null,null,null
null,null,null,null,null,null,null,null
null,null,null,null,null,null,null,null
null,null,null,null,null,null,null,null
null,null,null,null,null,null,null,null
null,null,null,null,null,14:27:26.366291500,null,null
null,null,null,null,null,null,null,null
null,null,null,null,null,null,null,null
null,null,null,null,null,null,null,null
null,null,null,null,null,null,null,null
null,null,null,null,null,null,null,null
null,null,null,null,null,null,null,null
null,null,null,null,null,null,null,null
null,null,null,null,null,null,null,null
null,null,null,null,null,null,null,null
null,null,null,null,null,null,null,null
null,null,null,null,null,null,null,null
null,null,null,null,null,null,null,null
null,null,null,null,null,null,null,null
null,null,null,null,null,null,null,null
null,null,null,null,null,null,null,null
null,null,null,null,null,null,null,null
null,null,null,null,null,null,null,null
null,null,null,null,null,null,null,null
null,null,null,null,null,null,null,null
null,null,null,null,null,null,null,null
null,null,null,null,null,null,null,null
null,null,null,null,null,null,null,null
null,null,null,14:27:27.832020700,null,null,null,null
null,null,null,null,null,null,null,null
null,null,null,null,null,null,null,null
null,null,null,null,null,null,null,null
null,null,null,null,null,null,null,null
null,null,null,null,null,null,null,null
null,null,null,null,null,null,null,null
null,null,null,null,null,null,null,null
null,null,null,null,null,null,null,null
null,null,null,null,null,null,null,null
null,null,null,null,null,null,null,null
null,null,null,null,null,null,null,null
null,null,null,null,null,null,null,null
null,null,null,null,null,null,null,null
null,null,null,null,null,null,null,null
null,null,null,null,null,null,null,null
null,null,null,null,null,null,null,null
null,null,null,null,null,null,null,null
null,null,null,null,null,null,null,null
null,null,null,null,null,null,null,null
null,null,null,null,null,null,null,null
null,null,null,null,null,null,null,null
null,null,null,null,null,null,null,null
null,null,null,null,null,null,null,null
null,null,null,null,null,null,null,null
null,null,null,null,null,null,null,null
null,null,null,null,null,null,null,null
null,null,null,null,null,null,null,null
null,null,null,null,null,null,null,null
null,null,null,null,null,null,null,null
null,null,null,null,null,null,null,null
null,null,null,null,null,null,null,null
null,null,null,null,null,null,null,null
null,null,null,null,null,null,null,null
null,null,null,null,null,null,null,null
null,null,null,null,null,null,null,null
null,null,null,null,null,null,null,null
null,null,null,null,null,null,null,null
null,null,null,null,null,null,null,null
null,14:27:30.307598700,null,null,null,null,null,null
null,null,null,null,null,null,null,null
null,null,null,null,null,null,null,null
null,null,null,null,null,null,null,null
null,null,null,null,null,null,null,null
null,null,null,null,null,null,null,null
null,null,null,null,null,null,null,null
null,null,null,null,null,null,null,null
null,null,null,null,null,null,null,null
null,null,null,null,null,null,null,null
null,null,null,null,null,null,null,null
null,null,null,null,null,null,null,null
null,null,null,null,null,null,null,null
null,null,null,null,null,null,null,null
null,null,null,null,null,null,null,null
null,null,null,null,null,null,null,null
null,null,null,null,null,null,null,null
null,null,null,null,null,null,null,null
null,null,null,null,null,null,null,null
null,null,null,null,null,null,null,null
null,null,null,null,null,null,null,null
null,null,null,null,null,null,null,null
null,null,null,null,null,null,null,null
null,null,null,null,null,null,null,null
null,null,null,null,null,null,null,null
null,null,null,null,null,null,null,null
null,null,null,null,null,null,null,null
null,null,null,null,null,null,null,null
null,null,null,null,null,null,null,null
null,null,null,null,null,null,null,null
null,null,null,null,null,null,null,null
null,null,null,null,null,null,null,null
null,null,null,null,null,null,null,null
null,null,null,null,null,null,null,null
null,null,null,null,null,null,null,null
null,null,null,null,null,null,null,null
null,null,null,null,null,null,null,null
null,null,null,null,null,null,null,null
null,null,null,null,null,null,null,null
null,null,null,null,null,null,null,null
null,null,null,null,null,null,null,null
null,null,null,null,null,null,null,null
null,null,null,null,null,null,null,null
null,null,null,null,null,null,null,null
null,null,null,null,null,null,null,null
null,null,null,null,null,null,null,null
null,null,null,null,null,null,null,null
null,null,null,null,null,null,null,null
null,null,null,null,null,null,null,null
null,null,null,null,null,null,null,null
null,null,null,null,null,null,null,null
null,null,null,null,null,null,null,null
null,null,null,null,null,null,null,null
null,null,null,null,null,null,null,null
null,null,null,null,null,null,null,null
null,null,null,null,null,null,null,null
null,null,null,null,null,null,null,null
null,null,null,null,null,null,null,null
null,null,null,null,null,null,null,null
null,null,null,null,null,null,null,null
null,null,null,null,null,null,null,null
null,null,null,null,null,null,null,null
null,null,null,null,null,null,null,null
null,null,null,null,null,null,null,null
null,null,null,null,null,null,null,null
null,null,null,null,null,null,null,null
null,null,null,null,null,null,null,null
null,null,null,null,null,null,null,null
null,null,null,null,null,null,null,null
null,null,null,null,null,null,null,null
null,null,null,null,null,null,null,null
null,null,null,null,null,null,null,null
null,null,null,null,null,null,null,null
null,null,null,null,null,null,null,null
null,null,null,null,null,null,null,null
null,null,null,null,null,null,null,null
null,null,null,null,null,null,null,null
null,null,null,null,null,null,null,null
null,null,null,null,null,null,null,null
null,null,null,null,null,null,null,null
null,null,null,null,null,null,null,null
null,null,null,null,null,null,null,null
null,null,null,null,null,null,null,null
null,null,null,null,null,null,null,null
null,null,null,null,null,null,null,null
null,null,null,null,null,null,null,null
null,null,null,null,null,null,null,null
null,null,null,null,null,null,null,null
null,null,null,null,null,null,null,null
null,null,null,null,null,null,null,null
null,null,null,null,null,null,null,null
null,null,null,null,null,null,null,null
null,null,null,null,null,null,null,null
null,null,null,null,null,null,null,null
null,null,null,null,null,null,null,null
null,null,null,null,null,null,null,null
null,null,null,null,null,null,null,null
null,null,null,null,null,null,null,null
null,null,null,null,null,null,null,null
null,null,null,null,null,null,null,null
null,null,null,null,null,null,null,null
null,null,null,null,null,null,null,null
null,null,null,null,null,null,null,null
null,null,null,null,null,null,null,null
null,null,null,null,null,null,null,null
null,null,null,null,null,null,null,null
null,null,null,null,null,null,null,null
null,null,null,null,null,null,null,null
null,null,null,null,null,null,null,null
null,null,null,null,null,null,null,null
null,null,null,null,null,null,null,null
null,null,null,null,null,null,null,null
null,null,null,null,null,null,null,null
null,null,null,null,null,null,null,null
null,null,null,null,null,null,null,null
null,null,null,null,null,null,null,null
null,null,null,null,null,null,null,null
null,null,null,null,null,null,null,null
null,null,null,null,null,null,null,null
null,null,null,null,null,null,null,null
null,null,null,null,null,null,null,null
null,null,null,null,null,null,null,null
null,null,null,null,null,null,null,null
null,null,null,null,null,null,null,null
null,null,null,null,null,null,null,null
null,null,null,null,null,null,null,null
null,null,null,null,null,null,null,null
null,null,null,null,null,null,null,null
null,null,null,null,null,null,null,null
null,null,null,null,null,null,null,null
null,null,null,null,null,null,null,null
null,null,null,null,null,null,null,null
null,null,null,null,null,null,null,null
null,null,null,null,null,null,null,null
null,null,null,null,null,null,null,null
null,null,null,null,null,null,null,null
null,null,null,null,null,null,null,null
null,null,null,null,null,null,null,null
null,null,null,null,null,null,null,null
null,null,null,null,null,null,null,null
null,null,null,null,null,null,null,null
null,null,null,null,null,null,null,null
null,null,null,null,null,null,null,null
null,null,null,null,null,null,null,null
null,null,null,null,null,null,null,null
null,null,null,null,null,null,null,null
null,null,null,null,null,null,null,null
null,null,null,null,null,null,null,null
null,null,null,null,null,null,null,null
null,null,null,null,null,null,null,null
null,null,null,null,null,null,null,null
null,null,null,null,null,null,null,null
null,null,null,null,null,null,null,null
null,null,null,null,null,null,null,null
null,null,null,null,null,null,null,null
null,null,null,null,null,null,null,null
null,null,null,null,null,null,null,null
null,null,null,null,null,null,null,null
null,null,null,null,null,null,null,null
null,null,null,null,null,null,null,null
null,null,null,null,null,null,null,null
null,null,null,null,null,null,null,null
null,null,null,null,null,null,null,null
null,null,null,null,null,null,null,null
null,null,null,null,null,null,null,null
null,null,null,null,null,null,null,null
null,null,null,null,null,null,null,null
null,null,null,null,null,null,null,null
null,null,null,null,null,null,null,null
null,null,null,null,null,null,null,null
null,null,null,null,null,null,null,null
null,null,null,null,null,null,null,null
null,null,null,null,null,null,null,null
null,null,null,null,null,null,null,null
null,null,null,null,null,null,null,null
null,null,null,null,null,null,null,null
null,null,null,null,null,null,null,null
null,null,null,null,null,null,null,null
null,null,null,null,null,null,null,null
null,null,null,null,null,null,null,null
null,null,null,null,null,null,null,null
null,null,null,null,null,14:27:44.546007700,null,null
null,null,null,null,null,null,null,null
null,null,null,null,null,null,null,null
null,null,null,null,null,null,null,null
null,null,null,null,null,null,null,null
null,null,null,null,null,null,null,null
null,null,null,null,null,null,null,null
null,null,null,null,null,null,null,null
null,null,null,null,null,null,null,null
null,null,null,null,null,null,null,null
null,null,null,null,null,null,null,null
null,null,null,null,null,null,null,null
null,null,null,null,null,null,null,null
null,null,null,null,null,null,null,null
null,null,null,null,null,null,null,null
null,null,null,null,null,null,null,null
null,null,null,null,null,null,null,null
null,null,null,null,null,null,null,null
null,null,null,null,null,null,null,null
null,null,null,null,null,null,null,null
null,null,null,null,null,null,null,null
null,null,null,null,null,null,null,null
null,null,null,null,null,null,null,null
null,null,null,14:27:45.942173800,null,null,null,null
null,null,null,null,null,null,null,null
null,null,null,null,null,null,null,null
null,null,null,null,null,null,null,null
null,null,null,null,null,null,null,null
null,null,null,null,null,null,null,null
null,null,null,null,null,null,null,null
null,null,null,null,null,null,null,null
null,null,null,null,null,null,null,null
null,null,null,null,null,14:27:46.441820500,null,null
null,null,null,null,null,null,null,null
null,null,null,null,null,null,null,null
null,null,null,null,null,null,null,null
null,null,null,null,null,null,null,null
null,null,null,null,null,null,null,null
null,null,null,null,null,null,null,null
null,null,null,null,null,null,null,null
null,null,null,null,null,null,null,null
null,null,null,null,null,null,null,null
null,null,null,null,null,null,null,null
null,null,null,null,null,null,null,null
null,null,null,null,null,null,null,null
null,null,null,null,null,null,null,null
null,null,null,null,null,null,null,null
null,null,null,null,null,null,null,null
null,null,null,null,null,null,null,null
null,null,null,null,null,null,null,null
null,null,null,null,null,null,null,null
null,null,null,null,null,null,null,null
null,null,null,null,null,null,null,null
null,null,null,null,null,null,null,null
null,null,null,null,null,null,null,null
null,null,null,14:27:47.837014300,null,null,null,null
null,null,null,null,null,null,null,null
null,null,null,null,null,null,null,null
null,null,null,null,null,null,null,null
null,null,null,null,null,null,null,null
null,null,null,null,null,null,null,null
null,null,null,null,null,null,null,null
null,null,null,null,null,null,null,null
null,null,null,null,null,null,null,null
null,null,null,null,null,null,null,null
null,null,null,null,null,null,null,null
null,null,null,null,null,null,null,null
null,null,null,null,null,null,null,null
null,null,null,null,null,null,null,null
null,null,null,null,null,null,null,null
null,null,null,null,null,null,null,null
null,null,null,null,null,null,null,null
null,null,null,null,null,null,null,null
null,null,null,null,null,null,null,null
null,null,null,null,null,null,null,null
null,null,null,null,null,null,null,null
null,null,null,null,null,null,null,null
null,null,null,null,null,null,null,null
null,null,null,null,null,null,null,null
null,null,null,null,null,null,null,null
null,null,null,null,null,null,null,null
null,null,null,null,null,null,null,null
null,null,null,null,null,null,null,null
null,null,null,null,null,null,null,null
null,null,null,null,null,null,null,null
null,null,null,null,null,null,null,null
null,null,null,null,null,null,null,null
null,null,null,null,null,null,null,null
null,null,null,null,null,null,null,null
null,null,null,null,null,null,null,null
null,null,null,null,null,14:27:49.963670600,null,null
null,null,null,null,null,null,null,null
null,null,null,null,null,null,null,null
null,null,null,null,null,null,null,null
null,null,null,null,null,null,null,null
null,null,null,null,null,null,null,null
null,null,null,null,null,null,null,null
null,null,null,null,null,null,null,null
null,null,null,null,null,null,null,null
null,null,null,null,null,null,null,null
null,null,null,null,null,null,null,null
null,null,null,null,null,null,null,null
null,null,null,null,null,null,null,null
null,null,null,null,null,null,null,null
null,null,null,null,null,null,null,null
null,null,null,null,null,null,null,null
null,null,null,null,null,null,null,null
null,null,null,null,null,null,null,null
null,null,null,null,null,null,null,null
null,null,null,null,null,null,null,null
null,null,null,null,null,null,null,null
null,null,null,null,null,null,null,null
null,null,null,null,null,null,null,null
null,null,null,14:27:52.044141100,null,null,null,null
null,null,null,null,null,null,null,null
null,null,null,null,null,null,null,null
null,null,null,null,null,null,null,null
null,null,null,null,null,null,null,null
null,null,null,null,null,null,null,null
null,null,null,null,null,null,null,null
null,null,null,null,null,null,null,null
null,null,null,null,null,null,null,null
null,null,null,null,null,null,null,null
null,null,null,null,null,null,null,null
null,null,null,null,null,null,null,null
null,null,null,null,null,null,null,null
null,null,null,null,null,null,null,null
null,null,null,null,null,null,null,null
null,null,null,null,null,null,null,null
null,null,null,null,null,null,null,null
null,null,null,null,null,null,null,null
null,null,null,null,null,null,null,null
null,null,null,null,null,null,null,null
null,null,null,null,null,null,null,null
null,null,null,null,null,null,null,null
null,null,null,null,null,null,null,null
null,null,null,null,null,null,null,null
null,null,null,null,null,null,null,null
null,null,null,null,null,null,null,null
null,null,null,null,null,null,null,null
null,null,null,null,null,null,null,null
null,null,null,null,null,null,null,null
null,null,null,null,null,null,null,null
null,null,null,null,null,null,null,null
null,null,null,null,null,null,null,null
null,null,null,null,null,null,null,null
null,null,null,null,null,null,null,null
null,null,null,null,null,null,null,null
null,null,null,null,null,null,null,null
null,null,null,null,null,null,null,null
null,null,14:27:54.341717900,null,null,null,null,null
null,null,null,null,null,null,null,null
null,null,null,null,null,null,null,null
null,null,null,null,null,null,null,null
null,null,null,null,null,null,null,null
null,null,null,null,null,null,null,null
null,null,null,null,null,null,null,null
null,null,null,null,null,null,null,null
null,null,null,null,null,null,null,null
null,null,null,null,null,null,null,null
null,null,null,null,null,null,null,null
null,null,null,null,null,null,null,null
null,null,null,null,null,null,null,null
null,null,null,null,null,null,null,null
null,null,null,null,null,null,null,null
null,null,null,null,null,null,null,null
null,null,null,null,null,null,null,null
null,null,null,null,null,null,null,null
null,null,null,null,null,null,null,null
null,null,null,null,null,null,null,null
null,null,null,null,null,null,null,null
null,null,null,null,null,null,null,null
null,null,null,null,null,null,null,null
null,null,null,null,null,null,null,null
null,null,null,null,null,null,null,null
null,null,null,null,null,null,null,null
null,null,null,null,null,null,null,null
null,null,null,null,null,null,null,null
null,null,null,null,null,null,null,null
null,null,null,null,null,null,null,null
null,null,null,null,null,null,null,null
null,null,null,null,null,null,null,null
null,null,null,null,null,null,null,null
null,null,null,null,null,null,null,null
null,null,null,null,null,null,null,null
null,null,null,null,null,null,null,null
null,null,null,null,null,null,null,null
null,null,null,null,null,null,null,null
null,null,null,null,null,null,null,null
null,null,null,null,null,null,null,null
null,null,null,null,null,null,null,null
null,null,null,null,null,null,null,null
null,null,null,null,null,null,null,null
null,null,null,null,null,null,null,null
null,null,null,null,null,null,null,null
null,null,null,null,null,null,null,null
null,null,null,null,null,null,null,null
null,null,null,null,null,null,null,null
null,null,null,null,null,null,null,null
null,null,null,null,null,null,null,null
null,null,null,null,null,null,null,null
null,null,null,null,null,null,null,null
null,null,null,null,null,null,null,null
null,null,null,null,null,null,null,null
null,null,null,null,null,null,null,null
null,null,null,null,null,null,null,null
null,null,null,null,null,null,null,null
null,null,null,null,null,null,null,null
null,null,null,null,null,null,null,null
null,null,null,null,null,null,null,null
null,null,null,null,null,null,null,null
null,null,null,null,null,null,null,null
null,null,null,null,null,null,null,null
null,null,null,null,null,null,null,null
null,null,null,null,null,null,null,null
null,null,null,null,null,null,null,null
null,null,null,null,null,null,null,null
null,null,null,null,null,null,null,null
null,null,null,null,null,null,null,null
null,null,null,null,null,null,null,null
null,null,null,null,null,null,null,null
null,null,null,null,null,null,null,null
null,null,null,null,null,null,null,null
null,null,null,null,null,null,null,null
null,null,null,null,null,null,null,null
null,null,null,null,null,null,null,null
null,null,null,null,null,null,null,null
null,null,null,null,null,null,null,null
null,null,null,null,null,null,null,null
null,null,null,null,null,null,null,null
null,null,null,null,null,null,null,null
null,null,null,null,null,null,null,null
null,null,null,null,null,null,null,null
null,null,null,null,null,null,null,null
null,null,null,null,null,null,null,null
null,null,null,null,null,null,null,null
null,null,null,null,null,null,null,null
null,null,null,null,null,null,null,null
null,null,null,null,null,null,null,null
null,null,null,null,null,null,null,null
null,null,null,null,null,null,null,null
null,null,null,null,null,null,null,null
null,null,null,null,null,null,null,null
null,null,null,null,null,null,null,null
null,null,null,null,null,null,null,null
null,null,null,null,null,null,null,null
null,null,null,null,null,null,null,null
null,null,null,null,null,null,null,null
null,null,null,null,null,null,null,null
null,null,null,null,null,null,null,null
null,null,null,null,null,null,null,null
null,null,null,null,null,null,null,null
null,null,null,null,null,null,null,null
null,null,null,null,null,null,null,null
null,null,null,null,null,null,null,null
null,null,null,null,null,null,null,null
null,null,null,null,null,null,null,null
null,null,null,null,null,null,null,null
null,null,null,null,null,null,null,null
null,null,null,null,null,null,null,null
null,null,null,null,null,null,null,null
null,null,null,null,null,null,null,null
null,null,null,null,null,null,null,null
null,null,null,null,null,null,null,null
null,null,null,null,null,null,null,null
null,null,null,null,null,null,null,null
null,null,null,null,null,null,null,null
null,null,null,null,null,null,null,null
null,null,null,null,null,null,null,null
null,null,null,null,null,null,null,null
null,null,null,null,null,null,null,null
null,null,null,null,null,null,null,null
null,null,null,null,null,null,null,null
null,null,null,null,null,null,null,null
null,null,null,null,null,null,null,null
null,null,null,null,null,null,null,null
null,null,null,null,null,null,null,null
null,null,null,null,null,null,null,null
null,null,null,null,null,null,null,null
null,null,null,null,null,null,null,null
null,null,null,null,null,null,null,null
null,null,null,null,null,null,null,null
null,null,null,null,null,null,null,null
null,null,null,null,null,null,null,null
null,null,null,null,null,null,null,null
null,null,null,null,null,null,null,null
null,null,null,null,null,null,null,null
null,null,null,null,null,null,null,null
null,null,null,null,null,null,null,null
null,null,null,null,null,null,null,null
null,null,null,null,null,null,null,null
null,null,null,null,null,null,null,null
null,null,null,null,null,null,null,null
null,null,null,null,null,null,null,null
null,null,null,null,null,null,null,null
null,null,null,null,null,null,null,null
null,null,null,null,null,null,null,null
null,null,null,null,null,null,null,null
null,null,null,null,null,null,null,null
null,null,null,null,null,null,null,null
null,null,null,null,null,null,null,null
null,null,null,null,null,null,null,null
null,null,null,null,null,null,null,null
null,null,null,null,null,null,null,null
null,null,null,null,null,null,null,null
null,null,null,null,null,null,null,null
null,null,null,null,null,null,null,null
null,null,null,null,null,null,null,null
null,null,null,null,null,null,null,null
null,null,null,null,null,null,null,null
null,null,null,null,null,null,null,null
null,null,null,null,null,null,null,null
null,null,null,null,null,null,null,null
null,null,null,null,null,null,null,null
null,null,null,null,null,null,null,null
null,null,null,null,null,null,null,null
null,null,null,null,null,null,null,null
null,null,null,null,null,null,null,null
null,null,null,null,null,null,null,null
null,null,null,null,null,null,null,null
null,null,null,null,null,null,null,null
null,null,null,null,null,null,null,null
null,null,null,null,null,null,null,null
null,null,null,null,null,null,null,null
null,null,null,null,null,null,null,null
null,null,null,null,null,null,null,null
null,null,null,null,null,null,null,null
null,null,null,null,null,null,null,null
null,null,null,null,null,null,null,null
null,null,null,null,null,null,null,null
null,null,null,null,null,null,null,null
null,null,null,null,null,null,null,null
null,null,null,null,null,null,null,null
null,null,null,null,null,null,null,null
null,null,null,null,null,null,null,null
null,null,null,null,null,null,null,null
null,null,null,null,null,null,null,null
null,null,null,null,null,null,null,null
null,null,null,null,null,null,null,null
null,null,null,null,null,null,null,null
null,null,null,null,null,null,null,null
null,null,null,null,null,null,null,null
null,null,null,null,null,null,null,null
null,null,null,null,null,null,null,null
null,null,null,null,null,null,null,null
null,null,null,null,null,null,null,null
null,null,null,null,null,null,null,null
null,null,null,null,null,null,null,null
null,null,null,null,null,null,null,null
null,null,null,null,null,null,null,null
null,null,null,null,null,null,null,null
null,null,null,null,null,null,null,null
null,null,null,null,null,null,null,null
null,null,null,null,null,null,null,null
null,null,null,null,null,null,null,null
null,null,null,null,null,null,null,null
null,null,null,null,null,null,null,null
null,null,null,null,null,null,null,null
null,null,null,null,null,null,null,null
null,null,null,null,null,null,null,null
null,null,null,null,null,null,null,null
null,null,null,null,null,null,null,null
null,null,null,null,null,null,null,null
null,null,null,null,null,null,null,null
null,null,null,null,null,null,null,null
null,null,null,null,null,null,null,null
null,null,null,null,null,null,null,null
null,null,null,null,null,null,null,null
null,null,null,null,null,null,null,null
null,null,null,null,null,null,null,null
null,null,null,null,null,null,null,null
null,null,null,null,null,null,null,null
null,null,null,null,null,null,null,null
null,null,null,null,null,null,null,null
null,null,null,null,null,null,null,null
null,null,null,null,null,null,null,null
null,null,null,null,null,null,null,null
null,null,null,null,null,null,null,null
null,null,null,null,null,null,null,null
null,null,null,null,null,null,null,null
null,null,null,null,null,null,null,null
null,null,null,null,null,null,null,null
null,null,null,null,null,null,null,null
null,null,null,null,null,null,null,null
null,null,null,null,null,null,null,null
null,null,null,null,null,null,null,null
null,null,null,null,null,null,null,null
null,null,null,null,null,null,null,null
null,null,null,null,null,null,null,null
null,null,null,null,null,null,null,null
null,null,null,null,null,null,null,null
null,null,null,null,null,null,null,null
null,null,null,null,null,null,null,null
null,null,null,null,null,null,null,null
null,null,null,null,null,null,null,null
null,null,null,null,null,null,null,null
null,null,null,null,null,null,null,null
null,null,null,null,null,null,null,null
null,null,null,null,null,null,null,null
null,null,null,null,null,null,null,null
null,null,null,null,null,null,null,null
null,null,null,null,null,null,null,null
null,null,null,null,null,null,null,null
null,null,null,null,null,null,null,null
null,null,null,null,null,null,null,null
null,null,null,null,null,null,null,null
null,null,null,null,null,null,null,null
null,null,null,null,null,null,null,null
null,null,null,null,null,null,null,null
null,null,null,null,null,null,null,null
null,null,null,null,null,null,null,null
null,null,null,null,null,null,null,null
null,null,null,null,null,null,null,null
null,null,null,null,null,null,null,null
null,null,null,null,null,null,null,null
null,null,null,null,null,null,null,null
null,null,null,null,null,null,null,null
null,null,null,null,null,null,null,null
null,null,null,null,null,null,null,null
null,null,null,null,null,null,null,null
null,null,null,null,null,null,null,null
null,null,null,null,null,null,null,null
null,null,null,null,null,null,null,null
null,null,null,null,null,null,null,null
null,null,null,null,null,null,null,null
null,null,null,null,null,null,null,null
null,null,null,null,null,null,null,null
null,null,null,null,null,null,null,null
null,null,null,null,null,null,null,null
null,null,null,null,null,null,null,null
null,null,null,null,null,null,null,null
null,null,null,null,null,null,null,null
null,null,null,null,null,null,null,null
null,null,null,null,null,null,null,null
null,null,null,null,null,null,null,null
null,null,null,null,null,null,null,null
null,null,null,null,null,null,null,null
null,null,null,null,null,null,null,null
null,null,null,null,null,null,null,null
null,null,null,null,null,null,null,null
null,null,null,null,null,null,null,null
null,null,null,null,null,null,null,null
null,null,null,null,null,null,null,null
null,null,null,null,null,null,null,null
null,null,null,null,null,null,null,null
null,null,null,null,null,null,null,null
null,null,null,null,null,null,null,null
null,null,null,null,null,null,null,null
null,null,null,null,null,null,null,null
null,null,null,null,null,null,null,null
null,null,null,null,null,null,null,null
null,null,null,null,null,null,null,null
null,null,null,null,null,null,null,null
null,null,null,null,null,null,null,null
null,null,null,null,null,null,null,null
null,null,null,null,null,null,null,null
null,null,null,null,null,null,null,null
null,null,null,null,null,null,null,null
null,null,null,null,null,null,null,null
null,null,null,null,null,null,null,null
null,null,null,null,null,null,null,null
null,null,null,null,null,null,null,null
null,null,null,null,null,null,null,null
null,null,null,null,null,null,null,null
null,null,null,null,null,null,null,null
null,null,null,null,null,null,null,null
null,null,null,null,null,null,null,null
null,null,null,null,null,null,null,null
null,null,null,null,null,null,null,null
null,null,null,null,null,null,null,null
null,null,null,null,null,null,null,null
null,null,null,null,null,null,null,null
null,null,null,null,null,null,null,null
null,null,null,null,null,null,null,null
null,null,null,null,null,null,null,null
null,null,null,null,null,null,null,null
null,null,null,null,null,null,null,null
null,null,null,null,null,null,null,null
null,null,null,null,null,null,null,null
null,null,null,null,null,null,null,null
null,null,null,null,null,null,null,null
null,null,null,null,null,null,null,null
null,null,null,null,null,null,null,null
null,null,null,null,null,null,null,null
null,null,null,null,null,null,null,null
null,null,null,null,null,null,null,null
null,null,null,null,null,null,null,null
null,null,null,null,null,null,null,null
null,null,null,null,null,null,null,null
null,null,null,null,null,null,null,null
null,null,null,null,null,null,null,null
null,null,null,null,null,null,null,null
null,null,null,null,null,null,null,null
null,null,null,null,null,null,null,null
null,null,null,null,null,null,null,null
null,null,null,null,null,null,null,null
null,null,null,null,null,null,null,null
null,null,null,null,null,null,null,null
null,null,null,null,null,null,null,null
null,null,null,null,null,null,null,null
null,null,null,null,null,null,null,null
null,null,null,null,null,null,null,null
null,null,null,null,null,null,null,null
null,null,null,null,null,null,null,null
null,null,null,null,null,null,null,null
null,null,null,null,null,null,null,null
null,null,null,null,null,null,null,null
null,null,null,null,null,null,null,null
null,null,null,null,null,null,null,null
null,null,null,null,null,null,null,null
null,null,null,null,null,null,null,null
null,null,null,null,null,null,null,null
null,null,null,null,null,null,null,null
null,null,null,null,null,null,null,null
null,null,null,null,null,null,null,null
null,null,null,null,null,null,null,null
null,null,null,null,null,null,null,null
null,null,null,null,null,null,null,null
null,null,null,null,null,null,null,null
null,null,null,null,null,null,null,null
null,null,null,null,null,null,null,null
null,null,null,null,null,null,null,null
null,null,null,null,null,null,null,null
null,null,null,null,null,null,null,null
null,null,null,null,null,null,null,null
null,null,null,null,null,null,null,null
null,null,null,null,null,null,null,null
null,null,null,null,null,null,null,null
null,null,null,null,null,null,null,null
null,null,null,null,null,null,null,null
null,null,null,null,null,null,null,null
null,null,null,null,null,null,null,null
null,null,null,null,null,null,null,null
null,null,null,null,null,null,null,null
null,null,null,null,null,null,null,null
null,null,null,null,null,null,null,null
null,null,null,null,null,null,null,null
null,null,null,null,null,null,null,null
null,null,null,null,null,null,null,null
null,null,null,null,null,null,null,null
null,null,null,null,null,null,null,null
null,null,null,null,null,null,null,null
null,null,null,null,null,null,null,null
null,null,null,null,null,null,null,null
null,null,null,null,null,null,null,null
null,null,null,null,null,null,null,null
null,null,null,null,null,null,null,null
null,14:28:22.828018,null,null,null,null,null,null
null,null,null,null,null,null,null,null
null,null,null,null,null,null,null,null
null,null,null,null,null,null,null,null
null,null,null,null,null,null,null,null
null,null,null,null,null,null,null,null
null,null,null,null,null,null,null,null
null,null,null,null,null,null,null,null
null,null,null,null,null,null,null,null
null,null,null,null,null,null,null,null
null,null,null,null,null,null,null,null
null,null,null,null,null,null,null,null
null,null,null,null,null,null,null,null
null,null,null,null,null,null,null,null
null,null,null,null,null,null,null,null
null,null,null,null,null,null,null,null
null,null,null,null,null,null,null,null
null,null,null,null,null,null,null,null
null,null,null,null,null,null,null,null
null,null,null,null,null,null,null,null
null,null,null,null,null,null,null,null
null,null,null,null,null,null,null,null
null,null,null,null,null,null,null,null
null,null,null,null,null,null,null,null
null,null,null,null,null,null,null,null
null,null,null,null,null,null,null,null
null,null,null,null,null,null,null,null
null,null,null,null,null,null,null,null
null,null,null,null,null,null,null,null
null,null,null,null,null,null,null,null
null,null,null,null,null,null,null,null
null,null,null,null,null,null,null,null
null,null,null,null,null,null,null,null
null,null,null,null,null,null,null,null
null,null,null,null,null,null,null,null
null,null,null,null,null,null,null,null
null,null,null,null,null,null,null,null
null,null,null,null,null,null,null,null
null,null,null,null,null,null,null,null
null,null,null,null,null,null,null,null
null,null,null,null,null,null,null,null
null,null,null,null,null,null,null,null
null,null,null,null,null,null,null,null
null,null,null,null,null,null,null,null
null,null,null,null,null,null,null,null
null,null,null,null,null,null,null,null
null,null,null,null,null,null,null,null
null,null,null,null,null,null,null,null
null,null,null,null,null,null,null,null
null,null,null,null,null,null,null,null
null,null,null,null,null,null,null,null
null,null,null,null,null,null,null,null
null,null,null,null,null,null,null,null
null,null,null,null,null,null,null,null
null,null,null,null,null,null,null,null
null,null,null,null,null,null,null,null
null,null,null,null,null,null,null,null
null,null,null,null,null,null,null,null
null,null,null,null,null,null,null,null
null,null,null,null,null,null,null,null
null,null,null,null,null,null,null,null
null,null,null,null,null,null,null,null
null,null,null,null,null,null,null,null
null,null,null,null,null,null,null,null
null,null,null,null,null,null,null,null
null,null,null,null,null,null,null,null
null,null,null,null,null,null,null,null
null,null,null,null,null,null,null,null
null,null,null,null,null,null,null,null
null,null,null,null,null,null,null,null
null,null,null,null,null,null,null,null
null,null,null,null,null,null,null,null
null,null,null,null,null,null,null,null
null,null,null,null,null,null,null,null
null,null,null,null,null,null,null,null
null,null,null,null,null,null,null,null
null,null,null,null,null,null,null,null
null,null,null,null,null,null,null,null
null,null,null,null,null,null,null,null
null,null,null,null,null,null,null,null
null,null,null,null,null,null,null,null
null,null,null,null,null,null,null,null
null,null,null,null,null,null,null,null
null,null,null,null,null,null,null,null
null,null,null,null,null,null,null,null
null,null,null,null,null,null,null,null
null,null,null,null,null,null,null,null
null,null,null,null,null,null,null,null
null,null,null,null,null,null,null,null
null,null,null,null,null,null,null,null
null,null,null,null,null,null,null,null
null,null,null,null,null,null,null,null
null,null,null,null,null,null,null,null
null,null,null,null,null,null,null,null
null,null,null,null,null,null,null,null
null,null,null,null,null,null,null,null
null,null,null,null,null,null,null,null
null,null,null,null,null,null,null,null
null,null,null,null,null,null,null,null
null,null,null,null,null,null,null,null
null,null,null,null,null,null,null,null
null,null,null,null,null,null,null,null
null,null,null,null,null,null,null,null
null,null,null,null,null,null,null,null
null,null,null,null,null,null,null,null
null,null,null,null,null,null,null,null
null,null,null,null,null,null,null,null
null,null,null,null,null,null,null,null
null,null,null,null,null,null,null,null
null,null,null,null,null,null,null,null
null,null,null,null,null,null,null,null
null,null,null,null,null,null,null,null
null,null,null,null,null,null,null,null
null,null,null,null,null,null,null,null
null,null,null,null,null,null,null,null
null,null,null,null,null,null,null,null
null,null,null,null,null,null,null,null
null,null,null,null,null,null,null,null
null,null,null,null,null,null,null,null
null,null,null,null,null,null,null,null
null,null,null,null,null,null,null,null
null,null,null,null,null,null,null,null
null,null,null,null,null,null,null,null
null,null,null,null,null,null,null,null
null,null,null,null,null,null,null,null
null,null,null,null,null,null,null,null
null,null,null,null,null,null,null,null
null,null,null,null,null,null,null,null
null,null,null,null,null,null,null,null
null,null,null,null,null,null,null,null
null,null,null,null,null,null,null,null
null,null,null,null,null,null,null,null
null,null,null,null,null,null,null,null
null,null,null,null,null,null,null,null
null,null,null,null,null,null,null,null
null,null,null,null,null,null,null,null
null,null,null,null,null,null,null,null
null,null,null,null,null,null,null,null
null,null,null,null,null,null,null,null
null,null,null,null,null,null,null,null
null,null,null,null,null,null,null,null
null,null,null,null,null,null,null,null
null,null,null,null,null,null,null,null
null,null,null,null,null,null,null,null
null,null,null,null,null,null,null,null
null,null,null,null,null,null,null,null
null,null,null,null,null,null,null,null
null,null,null,null,null,null,null,null
null,null,null,null,null,null,null,null
null,null,null,null,null,null,null,null
null,null,null,null,null,null,null,null
null,null,null,null,null,null,null,null
null,null,null,null,null,null,null,null
null,null,null,null,null,null,null,null
null,null,null,null,null,null,null,null
null,null,null,null,null,null,null,null
null,null,null,null,null,null,null,null
null,null,null,null,null,null,null,null
null,null,null,null,null,null,null,null
null,null,null,null,null,null,null,null
null,null,null,null,null,null,null,null
null,null,null,null,null,null,null,null
null,null,null,null,null,null,null,null
null,null,null,null,null,null,null,null
null,null,null,null,null,null,null,null
null,null,null,null,null,null,null,null
null,null,null,null,null,null,null,null
null,null,null,null,null,null,null,null
null,null,null,null,null,null,null,null
null,null,null,null,null,null,null,null
null,null,null,null,null,null,null,null
null,null,null,null,null,null,null,null
null,null,null,null,null,null,null,null
null,null,null,null,null,null,null,null
null,null,null,null,null,null,null,null
null,null,null,null,null,null,null,null
null,null,null,null,null,null,null,null
null,null,null,null,null,null,null,null
null,null,null,null,null,null,null,null
null,null,null,null,null,null,null,null
null,null,null,null,null,null,null,null
null,null,null,null,null,null,null,null
null,null,null,null,null,null,null,null
null,null,null,null,null,null,null,null
null,null,null,null,null,null,null,null
null,null,null,null,null,null,null,null
null,null,null,null,null,null,null,null
null,null,null,null,null,null,null,null
null,null,null,null,null,null,null,null
null,null,null,null,null,null,null,null
null,null,null,null,null,null,null,null
null,null,null,null,null,null,null,null
null,null,null,null,null,null,null,null
null,null,null,null,null,null,null,null
null,null,null,null,null,null,null,null
null,null,null,null,null,null,null,null
null,null,null,null,null,null,null,null
null,null,null,null,null,null,null,null
null,null,null,null,null,null,null,null
null,null,null,null,null,null,null,null
null,null,null,null,null,null,null,null
14:28:38.331785600,null,null,null,null,null,null,null
null,null,null,null,null,null,null,null
null,null,null,null,null,null,null,null
null,null,null,null,null,null,null,null
null,null,null,null,null,null,null,null
null,null,null,null,null,null,null,null
null,null,null,null,null,null,null,null
null,null,null,null,null,null,null,null
null,null,null,null,null,null,null,null
null,null,null,null,null,null,null,null
null,null,null,null,null,null,null,null
null,null,null,null,null,null,null,null
null,null,null,null,null,null,null,null
null,null,null,null,null,null,null,null
null,null,null,null,null,null,null,null
null,null,null,null,null,null,null,null
null,null,null,null,null,null,null,null
null,null,null,null,null,null,null,null
null,null,null,null,null,null,null,null
null,null,null,null,null,null,null,null
null,null,null,null,null,null,null,null
null,null,null,null,null,null,null,null
null,null,null,null,null,null,null,null
null,null,null,null,null,null,null,null
null,null,null,null,null,null,null,null
null,null,null,null,null,null,null,null
null,null,null,null,null,null,null,null
null,null,null,null,null,null,null,null
null,null,null,null,null,null,null,null
null,null,null,null,null,null,null,null
null,null,null,null,null,null,null,null
null,null,null,null,null,null,null,null
null,null,null,null,null,null,null,null
null,null,null,null,null,null,null,null
null,null,null,null,null,null,null,null
null,null,null,null,null,null,null,null
null,null,null,null,null,null,null,null
null,null,null,null,null,null,null,null
null,null,null,null,null,null,null,null
null,null,null,null,null,null,null,null
null,null,null,null,null,null,null,null
null,null,null,null,null,null,null,null
null,null,null,null,null,null,null,null
null,null,null,null,null,null,null,null
null,null,null,null,null,null,null,null
null,null,null,null,null,null,null,null
null,null,null,null,null,null,null,null
null,null,null,null,null,null,null,null
null,null,null,null,null,null,null,null
null,null,null,null,null,null,null,null
null,null,null,null,null,null,null,null
null,null,null,null,null,null,null,null
null,null,null,null,null,null,null,null
null,null,null,null,null,null,null,null
null,null,null,null,null,null,null,null
null,null,null,null,null,null,null,null
null,null,null,null,null,null,null,null
null,null,null,null,null,null,null,null
null,null,null,null,null,null,null,null
null,null,null,null,null,null,null,null
null,null,null,null,null,null,null,null
null,null,null,null,null,null,null,null
null,null,null,null,null,null,null,null
null,null,null,null,null,null,null,null
null,null,null,null,null,null,null,null
null,null,null,null,null,null,null,null
null,null,null,null,null,null,null,null
null,null,null,null,null,null,null,null
null,null,null,null,null,null,null,null
null,null,null,null,null,null,null,null
null,null,null,null,null,null,null,null
null,null,null,null,null,null,null,null
null,null,null,null,null,null,null,null
null,null,null,null,null,null,null,null
null,null,null,null,null,null,null,null
null,null,null,null,null,null,null,null
null,null,null,null,null,null,null,null
null,null,null,null,null,null,null,null
null,null,null,null,null,null,null,null
null,null,null,null,null,null,null,null
null,null,null,null,null,null,null,null
null,null,null,null,null,null,null,null
null,null,null,null,null,null,null,null
null,null,null,null,null,null,null,null
null,null,null,null,null,null,null,null
null,null,null,null,null,null,null,null
null,null,null,null,null,null,null,null
null,null,null,null,null,null,null,null
null,null,null,null,null,null,null,null
null,null,null,null,null,null,null,null
null,null,null,null,null,null,null,null
null,null,null,null,null,null,null,null
null,null,null,null,null,null,null,null
null,null,null,null,null,null,null,null
null,null,null,null,null,null,null,null
null,null,null,null,null,null,null,null
null,null,null,null,null,null,null,null
null,null,null,null,null,null,null,null
null,null,null,null,null,null,null,null
null,null,null,null,null,null,null,null
null,null,null,null,null,null,null,null
null,null,null,null,null,null,null,null
null,null,null,null,null,null,null,null
null,null,null,null,null,null,null,null
null,null,null,null,null,null,null,null
null,null,null,null,null,null,null,null
null,null,null,null,null,null,null,null
null,null,null,null,null,null,null,null
null,null,null,null,null,null,null,null
null,null,null,null,null,null,null,null
null,null,null,null,null,null,null,null
null,null,null,null,null,null,null,null
null,null,null,null,null,null,null,null
null,null,null,null,null,null,null,null
null,null,null,null,null,null,null,null
null,null,null,null,null,null,null,null
null,null,null,null,null,null,null,null
null,null,null,null,null,null,null,null
null,null,null,null,null,null,null,null
null,null,null,null,null,null,null,null
null,null,null,null,null,null,null,null
null,null,null,null,null,null,null,null
null,null,null,null,null,null,null,null
null,null,null,null,null,null,null,null
null,null,null,null,null,null,null,null
null,null,null,null,null,null,null,null
null,null,null,null,null,null,null,null
null,null,null,null,null,null,null,null
null,null,null,null,null,null,null,null
null,null,null,null,null,null,null,null
null,null,null,null,null,null,null,null
null,null,null,null,null,null,null,null
null,null,null,null,null,null,null,null
null,null,null,null,null,null,null,null
null,null,null,null,null,null,null,null
null,null,null,null,null,null,null,null
null,null,null,null,null,null,null,null
null,null,null,null,null,null,null,null
null,null,null,null,null,null,null,null
null,null,null,null,null,null,null,null
null,null,null,null,null,null,null,null
null,null,null,null,null,null,null,null
null,null,null,null,null,null,null,null
null,null,null,null,null,null,null,null
null,null,null,null,null,null,null,null
null,null,null,null,null,null,null,null
null,null,null,null,null,null,null,null
null,null,null,null,null,null,null,null
null,null,null,null,null,null,null,null
null,null,null,null,null,null,null,null
null,null,null,null,null,null,null,null
null,null,null,null,null,null,null,null
null,null,null,null,null,null,null,null
null,null,null,null,null,null,null,null
null,null,null,null,null,null,null,null
null,null,null,null,null,null,null,null
null,null,null,null,null,null,null,null
null,null,null,null,null,null,null,null
null,null,null,null,null,null,null,null
null,null,null,null,null,null,null,null
null,null,null,null,null,null,null,null
null,null,null,null,null,null,null,null
null,null,null,null,null,null,null,null
null,null,null,null,null,null,null,null
null,null,null,null,null,null,null,null
null,null,null,null,null,null,null,null
null,null,null,null,null,null,null,null
null,null,null,null,null,null,null,null
null,null,null,null,null,null,null,null
null,null,null,null,null,null,null,null
null,null,null,null,null,null,null,null
null,null,null,null,null,null,null,null
null,null,null,null,null,null,null,null
null,null,null,null,null,null,null,null
null,null,null,null,null,null,null,null
null,null,null,null,null,null,null,null
null,null,null,null,null,null,null,null
null,null,null,null,null,null,null,null
null,null,null,null,null,null,null,null
null,null,null,null,null,null,null,null
null,null,null,null,null,null,null,null
null,null,null,null,null,null,null,null
null,null,null,null,null,null,null,null
null,null,null,null,null,null,null,null
null,null,null,null,null,null,null,null
null,null,null,null,null,null,null,null
null,null,null,null,null,null,null,null
null,null,null,null,null,null,null,null
null,null,null,null,null,null,null,null
null,null,null,null,null,null,null,null
null,null,null,null,null,null,null,null
null,null,null,null,null,null,null,null
null,null,null,null,null,null,null,null
null,null,null,null,null,null,null,null
null,null,null,null,null,null,null,null
null,null,null,null,null,null,null,null
null,null,null,null,null,null,null,null
null,null,null,null,null,null,null,null
null,null,null,null,null,null,null,null
null,null,null,null,null,null,null,null
null,null,null,null,null,null,null,null
null,null,null,null,null,null,null,null
null,null,null,null,null,null,null,null
null,null,null,null,null,null,null,null
null,null,null,null,null,null,null,null
null,null,null,null,null,null,null,null
null,null,null,null,null,null,null,null
null,null,null,null,null,null,null,null
null,null,null,null,null,null,null,null
null,null,null,null,null,null,null,null
null,null,null,null,null,null,null,null
null,null,null,null,null,null,null,null
null,null,null,null,null,null,null,null
null,null,null,null,null,null,null,null
null,null,null,null,null,null,null,null
14:28:53.892695800,null,null,null,null,null,null,null
null,null,null,null,null,null,null,null
null,null,null,null,null,null,null,null
null,null,null,null,null,null,null,null
null,null,null,null,null,null,null,null
null,null,null,null,null,null,null,null
null,null,null,null,null,null,null,null
null,null,null,null,null,null,null,null
null,null,null,null,null,null,null,null
null,null,null,null,null,null,null,null
null,null,null,null,null,null,null,null
null,null,null,null,null,null,null,null
null,null,null,null,null,null,null,null
null,null,null,null,null,null,null,null
null,null,null,null,null,null,null,null
null,null,null,null,null,null,null,null
null,null,null,null,null,null,null,null
null,null,null,null,null,null,null,null
null,null,null,null,null,null,null,null
null,null,null,null,null,null,null,null
null,null,null,null,null,null,null,null
null,null,null,null,null,null,null,null
null,null,null,null,null,null,null,null
null,null,null,null,null,null,null,null
null,null,null,null,null,null,null,null
null,null,null,null,null,null,null,null
null,null,null,null,null,null,null,null
null,null,null,null,null,null,null,null
null,null,null,null,null,null,null,null
null,null,null,null,null,null,null,null
null,null,null,null,null,null,null,null
null,null,null,null,null,null,null,null
null,null,null,null,null,null,null,null
null,null,null,null,null,null,null,null
null,null,null,null,null,null,null,null
null,null,null,null,null,null,null,null
null,null,null,null,null,null,null,null
null,null,null,null,null,null,null,null
null,null,null,null,null,null,null,null
null,null,null,null,null,null,null,null
null,null,null,null,null,null,null,null
null,null,null,null,null,null,null,null
null,null,null,null,null,null,null,null
null,null,null,null,null,null,null,null
null,null,null,null,null,null,null,null
null,null,null,null,null,null,null,null
null,null,null,null,null,null,null,null
null,null,null,null,null,null,null,null
null,null,null,null,null,null,null,null
null,null,null,null,null,null,null,null
null,null,null,null,null,null,null,null
null,null,null,null,null,null,null,null
null,null,null,null,null,null,null,null
null,null,null,null,null,null,null,null
null,null,null,null,null,null,null,null
null,null,null,null,null,null,null,null
null,null,null,null,null,null,null,null
null,null,null,null,null,null,null,null
null,null,null,null,null,null,null,null
null,null,null,null,null,null,null,null
null,null,null,null,null,null,null,null
null,null,null,null,null,null,null,null
null,null,null,null,null,null,null,null
null,14:28:59.263511200,null,null,null,null,null,null
null,null,null,null,null,null,null,null
null,null,null,null,null,null,null,null
null,null,null,null,null,null,null,null
null,null,null,null,null,null,null,null
null,null,null,null,null,null,null,null
null,null,null,null,null,null,null,null
null,null,null,null,null,null,null,null
null,null,null,null,null,null,null,null
null,null,null,null,null,null,null,null
null,null,null,null,null,null,null,null
null,null,null,null,null,null,null,null
null,null,null,null,null,null,null,null
null,null,null,null,null,null,null,null
null,null,null,null,null,null,null,null
null,null,null,null,null,null,null,null
null,null,null,null,null,null,null,null
null,null,null,null,null,null,null,null
null,null,null,null,null,null,null,null
null,null,null,null,null,null,null,null
null,null,null,null,null,null,null,null
null,null,null,null,null,null,null,null
null,null,null,null,null,null,null,null
null,null,null,null,null,null,null,null
null,null,null,null,null,null,null,null
null,null,null,null,null,null,null,null
null,null,null,null,null,null,null,null
null,null,null,null,null,null,null,null
null,null,null,null,null,null,null,null
null,null,null,null,null,null,null,null
null,null,null,null,null,null,null,null
null,null,null,null,null,null,null,null
null,null,null,null,null,null,null,null
null,null,null,null,null,null,null,null
null,null,null,null,null,null,null,null
null,null,null,null,null,null,null,null
null,null,null,null,null,null,null,null
null,null,null,null,null,null,null,null
null,null,null,null,null,null,null,null
null,null,null,null,null,null,null,null
null,null,null,null,null,null,null,null
null,null,null,null,null,null,null,null
null,null,null,null,null,null,null,null
null,null,null,null,null,null,null,null
null,null,null,null,null,null,null,null
null,null,null,null,null,null,null,null
null,null,null,null,null,null,null,null
null,null,null,null,null,null,null,null
null,null,null,null,null,null,null,null
null,null,null,null,null,null,null,null
null,null,null,null,null,null,null,null
null,null,null,null,null,null,null,null
null,null,null,null,null,null,null,null
null,null,null,null,null,null,null,null
null,null,null,null,null,null,null,null
null,null,null,null,null,null,null,null
null,null,null,null,null,null,null,null
null,null,null,null,null,null,null,null
null,null,null,null,null,null,null,null
null,null,null,null,null,null,null,null
null,null,null,null,null,null,null,null
null,null,null,null,null,null,null,null
null,null,null,null,null,null,null,null
null,null,null,null,null,null,null,null
null,null,null,null,null,null,null,null
null,null,null,null,null,null,null,null
null,null,null,null,null,null,null,null
null,null,null,null,null,null,null,null
null,null,null,null,null,null,null,null
null,null,null,null,null,null,null,null
null,null,null,null,null,null,null,null
null,null,null,null,null,null,null,null
null,null,null,null,null,null,null,null
null,null,null,null,null,null,null,null
null,null,null,null,null,null,null,null
null,null,null,null,null,null,null,null
null,null,null,null,null,null,null,null
null,null,null,null,null,null,null,null
null,null,null,null,null,null,null,null
null,null,null,null,null,null,null,null
null,null,null,null,null,null,null,null
null,null,null,null,null,null,null,null
null,null,null,null,null,null,null,null
null,null,null,null,null,null,null,null
null,null,null,null,null,null,null,null
null,null,null,null,null,null,null,null
null,null,null,null,null,null,null,null
null,null,null,null,null,null,null,null
null,null,null,null,null,null,null,null
null,null,null,null,null,null,null,null
null,null,null,null,null,null,null,null
null,null,null,null,null,null,null,null
null,null,null,null,null,null,null,null
null,null,null,null,null,null,null,null
null,null,null,null,null,null,null,null
null,null,null,null,null,null,null,null
null,null,null,null,null,null,null,null
null,null,null,null,null,null,null,null
null,null,null,null,null,null,null,null
null,null,null,null,null,null,null,null
null,null,null,null,null,null,null,null
null,null,null,null,null,null,null,null
null,null,null,null,null,null,null,null
null,null,null,null,null,null,null,null
null,null,null,null,null,null,null,null
null,null,null,null,null,null,null,null
null,null,null,null,null,null,null,null
null,null,null,null,null,null,null,null
null,null,null,null,null,null,null,null
null,null,null,null,null,null,null,null
null,null,null,null,null,null,null,null
null,null,null,null,null,null,null,null
null,null,null,null,null,null,null,null
null,null,null,null,null,null,null,null
null,null,null,null,null,null,null,null
null,null,null,null,null,null,null,null
null,null,null,null,null,null,null,null
null,null,null,null,null,null,null,null
null,null,null,null,null,null,null,null
null,null,null,null,null,null,null,null
null,null,null,null,null,null,null,null
null,null,null,null,null,null,null,null
null,null,null,null,null,null,null,null
null,null,null,null,null,null,null,null
null,null,null,null,null,null,null,null
null,null,null,null,null,null,null,null
null,null,null,null,null,null,null,null
null,null,null,null,null,null,null,null
null,null,null,null,null,null,null,null
null,null,null,null,null,null,null,null
null,null,null,null,null,null,null,null
null,null,null,null,null,null,null,null
null,null,null,null,null,null,null,null
null,null,null,null,null,null,null,null
null,null,null,null,null,null,null,null
null,null,null,null,null,null,null,null
null,null,null,null,null,null,null,null
null,null,null,null,null,null,null,null
null,null,null,null,null,null,null,null
null,null,null,null,null,null,null,null
null,null,null,null,null,null,null,null
null,null,null,null,null,null,null,null
null,null,null,null,null,null,null,null
null,null,null,null,null,null,null,null
null,null,null,null,null,null,null,null
null,null,null,null,null,null,null,null
null,null,null,null,null,null,null,null
null,null,null,null,null,null,null,null
null,null,null,null,null,null,null,null
null,null,null,null,null,null,null,null
null,null,null,null,null,null,null,null
null,null,null,null,null,null,null,null
null,null,null,null,null,null,null,null
null,null,null,null,null,null,null,null
null,null,null,null,null,null,null,null
null,null,null,null,null,null,null,null
null,null,null,null,null,null,null,null
null,null,null,null,null,null,null,null
null,null,null,null,null,null,null,null
null,null,null,null,null,null,null,null
null,null,null,null,null,null,null,null
null,null,null,null,null,null,null,null
null,null,null,null,null,null,null,null
null,null,null,null,null,null,null,null
null,null,null,null,null,null,null,null
null,null,null,null,null,null,null,null
null,null,null,null,null,null,null,null
null,null,null,null,null,null,null,null
null,null,null,null,null,null,null,null
null,null,null,null,null,null,null,null
null,null,null,null,null,null,null,null
null,null,null,null,null,null,null,null
null,null,null,null,null,null,null,null
null,null,null,null,null,null,null,null
null,null,null,null,null,null,null,null
null,null,null,null,null,null,null,null
null,null,null,null,null,null,null,null
null,null,null,null,null,null,null,null
null,null,null,null,null,null,null,null
null,null,null,null,null,null,null,null
null,null,null,null,null,null,null,null
null,null,null,null,null,null,null,null
null,null,null,null,null,null,null,null
null,null,null,null,null,null,null,null
null,null,null,null,null,null,null,null
null,null,null,null,null,null,null,null
null,null,null,null,null,null,null,null
null,null,null,null,null,null,null,null
null,null,null,null,null,null,null,null
null,null,null,null,null,null,null,null
null,null,null,null,null,null,null,null
null,null,null,null,null,null,null,null
null,null,null,null,null,null,null,null
null,null,null,null,null,null,null,null
null,null,null,null,null,null,null,null
null,null,null,null,null,null,null,null
null,null,null,null,null,null,null,null
null,null,null,null,null,null,null,null
null,null,null,null,null,null,null,null
null,null,null,null,null,null,null,null
null,null,null,null,null,null,null,null
null,null,null,null,null,null,null,null
null,null,null,null,null,null,null,null
null,null,null,null,null,null,null,null
null,null,null,null,null,null,null,null
null,null,null,null,null,null,null,null
null,null,null,null,null,null,null,null
null,null,null,null,null,null,null,null
null,null,null,null,null,null,null,null
null,null,null,null,null,null,null,null
null,null,null,null,null,null,null,null
null,null,null,null,null,null,null,null
null,null,null,null,null,null,null,null
null,null,null,null,null,null,null,null
null,null,null,null,null,null,null,null
null,null,null,null,null,null,null,null
null,null,null,null,null,null,null,null
null,null,null,null,null,null,null,null
null,null,null,null,null,null,null,null
null,null,null,null,null,null,null,null
null,null,null,null,null,null,null,null
null,null,null,null,null,null,null,null
null,null,null,null,null,null,null,null
null,null,null,null,null,null,null,null
null,null,null,null,null,null,null,null
null,null,null,null,null,null,null,null
null,null,null,null,null,null,null,null
null,null,null,null,null,null,null,null
null,null,null,null,null,null,null,null
null,null,null,null,null,null,null,null
null,null,null,null,null,null,null,null
null,null,null,null,null,null,null,null
null,null,null,null,null,null,null,null
null,null,null,null,null,null,null,null
null,null,null,null,null,null,null,null
null,null,null,null,null,null,null,null
null,null,null,null,null,null,null,null
null,null,null,null,null,null,null,null
null,null,null,null,null,null,null,null
null,null,null,null,null,null,null,null
null,null,null,null,null,null,null,null
null,null,null,null,null,null,null,null
null,null,null,null,null,null,null,null
null,null,null,null,null,null,null,null
null,null,null,null,null,null,null,null
null,null,null,null,null,null,null,null
null,null,null,null,null,null,null,null
null,null,null,null,null,null,null,null
null,null,null,null,null,null,null,null
null,null,null,null,null,null,null,null
null,null,null,null,null,null,null,null
null,null,null,null,null,null,null,null
null,null,null,null,null,null,null,null
null,null,null,null,null,null,null,null
null,null,null,null,null,null,null,null
null,null,null,null,null,null,null,null
null,null,null,null,null,null,null,null
null,null,null,null,null,null,null,null
null,null,null,null,null,null,null,null
null,null,null,null,null,null,null,null
null,null,null,null,null,null,null,null
null,null,null,null,null,null,null,null
null,null,null,null,null,null,null,null
null,null,null,null,null,null,null,null
null,null,null,null,null,null,null,null
null,null,null,null,null,null,null,null
null,null,null,null,null,null,null,null
null,null,null,null,null,null,null,null
null,null,null,null,null,null,null,null
null,null,null,null,null,null,null,null
null,null,null,null,null,null,null,null
null,null,null,null,null,null,null,null
null,null,null,null,null,null,null,null
null,null,null,null,null,null,null,null
null,null,null,null,null,null,null,null
null,null,null,null,null,null,null,null
null,null,null,null,null,null,null,null
null,null,null,null,null,null,null,null
null,null,null,null,null,null,null,null
null,null,null,null,null,null,null,null
null,null,null,null,null,null,null,null
null,null,null,null,null,null,null,null
null,null,null,null,null,null,null,null
null,null,null,null,null,null,null,null
null,null,null,null,null,null,null,null
null,null,null,null,null,null,null,null
null,null,null,null,null,null,null,null
null,null,null,null,null,null,null,null
null,null,null,null,null,null,null,null
null,null,null,null,null,null,null,null
null,null,null,null,null,null,null,null
null,null,null,null,null,null,null,null
null,null,null,null,null,null,null,null
null,null,null,null,null,null,null,null
null,null,null,null,null,null,null,null
null,null,null,null,null,null,null,null
null,null,null,null,null,null,null,null
null,null,null,null,null,null,null,null
null,null,null,null,null,null,null,null
null,null,null,null,null,null,null,null
null,null,null,null,null,null,null,null
null,null,null,null,null,null,null,null
null,null,null,null,null,null,null,null
null,null,null,null,null,null,null,null
null,null,null,null,null,null,null,null
null,null,null,null,null,null,null,null
null,null,null,null,14:29:21.156089800,null,null,null
