door1,door2,door3,door5,door6,endExploreRecorder,endTest,startExploreRecorder,startTest,null
null,null,null,null,null,null,null,null,null,null
null,null,null,null,null,null,null,null,15:35:49.287504300,null
null,null,null,null,null,null,null,null,null,null
null,null,null,null,null,null,null,null,null,null
null,null,null,null,null,null,null,null,null,null
null,null,null,null,null,null,null,null,null,null
null,null,null,null,null,null,null,null,null,null
null,null,null,null,null,null,null,null,null,null
null,null,null,null,null,null,null,15:35:50.138021500,null,null
null,null,null,null,null,null,null,null,null,null
null,null,null,null,null,null,null,null,null,null
null,null,null,null,null,null,null,null,null,null
null,null,null,null,null,null,null,null,null,null
null,null,null,null,null,null,null,null,null,null
null,null,null,null,null,null,null,null,null,null
null,null,null,null,null,null,null,null,null,null
null,null,null,null,null,null,null,null,null,null
null,null,null,null,null,null,null,null,null,null
null,null,null,null,null,null,null,null,null,null
null,null,null,null,null,null,null,null,null,null
null,null,null,null,null,15:35:51.585257600,null,null,null,null
null,null,null,null,null,null,null,null,null,null
null,null,null,null,null,null,null,null,null,null
null,null,null,null,null,null,null,null,null,null
null,null,null,null,null,null,null,null,null,null
null,null,null,null,null,null,null,null,null,null
null,null,null,null,null,null,null,null,null,null
null,null,null,null,null,null,null,null,null,null
null,null,null,null,null,null,null,null,null,null
null,null,null,null,null,null,null,null,null,null
null,null,null,null,null,null,null,null,null,null
null,null,null,null,null,null,null,null,null,null
null,null,null,null,null,null,null,null,null,null
null,null,null,null,null,null,null,null,null,null
null,null,null,null,null,null,null,null,null,null
null,null,null,null,null,null,null,null,null,null
null,null,null,null,null,null,null,null,null,null
null,null,null,null,null,null,null,null,null,null
null,null,null,null,null,null,null,null,null,null
null,null,null,null,null,null,null,null,null,null
null,null,null,null,null,null,null,null,null,null
null,null,null,null,null,null,null,null,null,null
null,null,null,null,null,null,null,null,null,null
null,null,null,null,null,null,null,null,null,null
null,null,null,null,null,null,null,null,null,null
null,null,null,null,null,null,null,null,null,null
null,null,null,null,null,null,null,null,null,null
null,null,null,null,null,null,null,null,null,null
null,null,null,null,null,null,null,null,null,null
null,null,null,null,null,null,null,null,null,null
null,null,null,null,null,null,null,null,null,null
null,null,null,null,null,null,null,null,null,null
null,null,null,null,null,null,null,null,null,null
null,null,null,null,null,null,null,null,null,null
null,null,null,null,null,null,null,null,null,null
null,null,null,null,null,null,null,null,null,null
null,null,null,null,null,null,null,null,null,null
null,null,null,null,null,null,null,null,null,null
null,15:35:57.602212900,null,null,null,null,null,null,null,null
null,null,null,null,null,null,null,null,null,null
null,null,null,null,null,null,null,null,null,null
null,null,null,null,null,null,null,null,null,null
null,null,null,null,null,null,null,null,null,null
null,null,null,null,null,null,null,null,null,null
null,null,null,null,null,null,null,null,null,null
null,null,null,null,null,null,null,null,null,null
null,null,null,null,null,null,null,null,null,null
null,null,null,null,null,null,null,null,null,null
null,null,null,null,null,null,null,null,null,null
null,null,null,null,null,null,null,null,null,null
null,null,null,null,null,null,null,null,null,null
null,null,null,null,null,null,null,null,null,null
null,null,null,null,null,null,null,null,null,null
null,null,null,null,null,null,null,null,null,null
null,null,null,null,null,null,null,null,null,null
null,null,null,null,null,null,null,null,null,null
null,null,null,null,null,null,null,null,null,null
null,null,null,null,null,null,null,null,null,null
null,null,null,null,null,null,null,null,null,null
null,null,null,null,null,null,null,null,null,null
null,null,null,null,null,null,null,null,null,null
null,null,null,null,null,null,null,null,null,null
null,null,null,null,null,null,null,null,null,null
null,null,null,null,null,null,null,null,null,null
null,null,null,null,null,null,null,15:36:01.993927400,null,null
null,null,null,null,null,null,null,null,null,null
null,null,null,null,null,null,null,null,null,null
null,null,null,null,null,null,null,null,null,null
null,null,null,null,null,null,null,null,null,null
null,null,null,null,null,null,null,null,null,null
null,null,null,null,null,null,null,null,null,null
null,null,null,null,null,null,null,null,null,null
null,null,null,null,null,null,null,null,null,null
null,null,null,null,null,null,null,null,null,null
null,null,null,null,null,null,null,null,null,null
null,null,null,null,null,null,null,null,null,null
null,null,null,null,null,15:36:03.392027400,null,null,null,null
null,null,null,null,null,null,null,null,null,null
null,null,null,null,null,null,null,null,null,null
null,null,null,null,null,null,null,null,null,null
null,null,null,null,null,null,null,null,null,null
null,null,null,null,null,null,null,null,null,null
null,null,null,null,null,null,null,null,null,null
null,null,null,null,null,null,null,null,null,null
null,null,null,null,null,null,null,null,null,null
null,null,null,null,null,null,null,null,null,null
null,null,null,null,null,null,null,null,null,null
null,null,null,null,null,null,null,null,null,null
null,null,null,null,null,null,null,null,null,null
null,null,null,null,null,null,null,null,null,null
null,null,null,null,null,null,null,null,null,null
null,null,null,null,null,null,null,null,null,null
null,null,null,null,null,null,null,null,null,null
null,null,null,null,null,null,null,null,null,null
null,null,null,null,null,null,null,null,null,null
null,null,null,null,null,null,null,null,null,null
15:36:05.859291400,null,null,null,null,null,null,null,null,null
null,null,null,null,null,null,null,null,null,null
null,null,null,null,null,null,null,null,null,null
null,null,null,null,null,null,null,null,null,null
null,null,null,null,null,null,null,null,null,null
null,null,null,null,null,null,null,null,null,null
null,null,null,null,null,null,null,null,null,null
null,null,null,null,null,null,null,null,null,null
null,null,null,null,null,null,null,null,null,null
null,null,null,null,null,null,null,null,null,null
null,null,null,null,null,null,null,null,null,null
null,null,null,null,null,null,null,null,null,null
null,null,null,null,null,null,null,null,null,null
null,null,null,null,null,null,null,null,null,null
null,null,null,null,null,null,null,null,null,null
null,null,null,null,null,null,null,null,null,null
null,null,null,null,null,null,null,null,null,null
null,null,null,null,null,null,null,null,null,null
null,null,null,null,null,null,null,null,null,null
null,null,null,null,null,null,null,null,null,null
null,null,null,null,null,null,null,null,null,null
null,null,null,null,null,null,null,null,null,null
null,null,null,null,null,null,null,null,null,null
null,null,null,null,null,null,null,null,null,null
null,null,null,null,null,null,null,null,null,null
null,null,null,null,null,null,null,null,null,null
null,null,null,null,null,null,null,null,null,null
null,null,null,null,null,null,null,null,null,null
null,null,null,null,null,null,null,null,null,null
null,null,null,null,null,null,null,null,null,null
null,null,null,null,null,null,null,null,null,null
null,null,null,null,null,null,null,null,null,null
null,null,null,null,null,null,null,null,null,null
null,null,null,null,null,null,null,null,null,null
null,null,null,null,null,null,null,null,null,null
null,null,null,null,null,null,null,null,null,null
null,null,null,null,null,null,null,null,null,null
null,null,null,null,null,null,null,null,null,null
null,null,null,null,null,null,null,null,null,null
null,null,null,null,null,null,null,null,null,null
null,null,null,null,null,null,null,null,null,null
null,null,null,null,null,null,null,null,null,null
null,null,null,null,null,null,null,null,null,null
null,null,null,null,null,null,null,null,null,null
null,null,null,null,null,null,null,null,null,null
null,null,null,null,null,null,null,null,null,null
null,null,null,null,null,null,null,null,null,null
null,null,null,null,null,null,null,null,null,null
null,null,null,null,null,null,null,null,null,null
null,null,null,null,null,null,null,null,null,null
null,null,null,null,null,null,null,15:36:14.479373900,null,null
null,null,null,null,null,null,null,null,null,null
null,null,null,null,null,null,null,null,null,null
null,null,null,null,null,null,null,null,null,null
null,null,null,null,null,null,null,null,null,null
null,null,null,null,null,null,null,null,null,null
null,null,null,null,null,null,null,null,null,null
null,null,null,null,null,null,null,null,null,null
null,null,null,null,null,null,null,null,null,null
null,null,null,null,null,null,null,null,null,null
null,null,null,null,null,null,null,null,null,null
null,null,null,null,null,null,null,null,null,null
null,null,null,null,null,15:36:15.828016600,null,null,null,null
null,null,null,null,null,null,null,null,null,null
null,null,null,null,null,null,null,null,null,null
null,null,null,null,null,null,null,null,null,null
null,null,null,null,null,null,null,null,null,null
null,null,null,null,null,null,null,null,null,null
null,null,null,null,null,null,null,15:36:16.396883300,null,null
null,null,null,null,null,null,null,null,null,null
null,null,null,null,null,null,null,null,null,null
null,null,null,null,null,null,null,null,null,null
null,null,null,null,null,null,null,null,null,null
null,null,null,null,null,null,null,null,null,null
null,null,null,null,null,null,null,null,null,null
null,null,null,null,null,null,null,null,null,null
null,null,null,null,null,null,null,null,null,null
null,null,null,null,null,null,null,null,null,null
null,null,null,null,null,null,null,null,null,null
null,null,null,null,null,null,null,null,null,null
null,null,null,null,null,15:36:17.721468700,null,null,null,null
null,null,null,null,null,null,null,null,null,null
null,null,null,null,null,null,null,null,null,null
null,null,null,null,null,null,null,null,null,null
null,null,null,null,null,null,null,null,null,null
null,null,null,null,null,null,null,null,null,null
null,null,null,null,null,null,null,15:36:18.316536400,null,null
null,null,null,null,null,null,null,null,null,null
null,null,null,null,null,null,null,null,null,null
null,null,null,null,null,null,null,null,null,null
null,null,null,null,null,null,null,null,null,null
null,null,null,null,null,null,null,null,null,null
null,null,null,null,null,null,null,null,null,null
null,null,null,null,null,null,null,null,null,null
null,null,null,null,null,null,null,null,null,null
null,null,null,null,null,null,null,null,null,null
null,null,null,null,null,null,null,null,null,null
null,null,null,null,null,null,null,null,null,null
null,null,null,null,null,15:36:19.670575400,null,null,null,null
null,null,null,null,null,null,null,null,null,null
null,null,null,null,null,null,null,null,null,null
null,null,null,null,null,null,null,null,null,null
null,null,null,null,null,null,null,null,null,null
null,null,null,null,null,null,null,null,null,null
null,null,null,null,null,null,null,null,null,null
null,null,null,null,null,null,null,null,null,null
null,null,null,null,null,null,null,null,null,null
null,null,null,null,null,null,null,null,null,null
null,null,null,null,null,null,null,null,null,null
null,null,null,null,null,null,null,null,null,null
null,null,null,null,null,null,null,null,null,null
null,null,null,null,null,null,null,null,null,null
null,null,null,null,null,null,null,null,null,null
null,null,null,null,null,null,null,null,null,null
null,null,null,null,null,null,null,null,null,null
null,null,null,null,null,null,null,null,null,null
null,null,null,null,null,null,null,null,null,null
null,null,null,null,null,null,null,15:36:21.802398300,null,null
null,null,null,null,null,null,null,null,null,null
null,null,null,null,null,null,null,null,null,null
null,null,null,null,null,null,null,null,null,null
null,null,null,null,null,null,null,null,null,null
null,null,null,null,null,null,null,null,null,null
null,null,null,null,null,null,null,null,null,null
null,null,null,null,null,null,null,null,null,null
null,null,null,null,null,null,null,null,null,null
null,null,null,null,null,null,null,null,null,null
null,null,null,null,null,null,null,null,null,null
null,null,null,null,null,null,null,null,null,null
null,null,null,null,null,15:36:23.111819900,null,null,null,null
null,null,null,null,null,null,null,null,null,null
null,null,null,null,null,null,null,null,null,null
null,null,null,null,null,null,null,null,null,null
null,null,null,null,null,null,null,null,null,null
null,null,null,null,null,null,null,null,null,null
null,null,null,null,null,null,null,null,null,null
null,null,null,null,null,null,null,null,null,null
null,null,null,null,null,null,null,null,null,null
null,null,null,null,null,null,null,null,null,null
null,null,null,null,null,null,null,null,null,null
null,null,null,null,null,null,null,null,null,null
null,null,null,null,null,null,null,null,null,null
null,null,null,null,null,null,null,null,null,null
null,null,null,null,null,null,null,null,null,null
null,null,null,null,null,null,null,null,null,null
null,null,null,null,null,null,null,null,null,null
null,null,null,null,null,null,null,null,null,null
null,null,null,null,null,null,null,null,null,null
null,null,null,null,null,null,null,null,null,null
null,null,null,null,null,null,null,null,null,null
null,null,null,null,null,null,null,null,null,null
null,null,null,null,null,null,null,null,null,null
null,null,null,null,null,null,null,null,null,null
null,null,null,null,null,null,null,null,null,null
null,null,null,null,null,null,null,15:36:26.022981100,null,null
null,null,null,null,null,null,null,null,null,null
null,null,null,null,null,null,null,null,null,null
null,null,null,null,null,null,null,null,null,null
null,null,null,null,null,null,null,null,null,null
null,null,null,null,null,null,null,null,null,null
null,null,null,null,null,null,null,null,null,null
null,null,null,null,null,null,null,null,null,null
null,null,null,null,null,null,null,null,null,null
null,null,null,null,null,null,null,null,null,null
null,null,null,null,null,null,null,null,null,null
null,null,null,null,null,null,null,null,null,null
null,null,null,null,null,15:36:28.087772900,null,null,null,null
null,null,null,null,null,null,null,null,null,null
null,null,null,null,null,null,null,null,null,null
null,null,null,null,null,null,null,null,null,null
null,null,null,null,null,null,null,null,null,null
null,null,null,null,null,null,null,null,null,null
null,null,null,null,null,null,null,null,null,null
null,null,null,null,null,null,null,null,null,null
null,null,null,null,null,null,null,null,null,null
null,null,null,null,null,null,null,null,null,null
null,null,null,null,null,null,null,null,null,null
null,null,null,null,null,null,null,null,null,null
null,null,null,null,null,null,null,null,null,null
null,null,null,null,null,null,null,null,null,null
null,null,null,null,null,null,null,null,null,null
null,null,null,null,null,null,null,null,null,null
null,null,null,null,null,null,null,null,null,null
null,null,null,null,null,null,null,null,null,null
null,null,15:36:30.195749700,null,null,null,null,null,null,null
null,null,null,null,null,null,null,null,null,null
null,null,null,null,null,null,null,null,null,null
null,null,null,null,null,null,null,null,null,null
null,null,null,null,null,null,null,null,null,null
null,null,null,null,null,null,null,null,null,null
null,null,null,null,null,null,null,null,null,null
null,null,null,null,null,null,null,null,null,null
null,null,null,null,null,null,null,null,null,null
null,null,null,null,null,null,null,null,null,null
null,null,null,null,null,null,null,null,null,null
null,null,null,null,null,null,null,null,null,null
null,null,null,null,null,null,null,null,null,null
null,null,null,null,null,null,null,null,null,null
null,null,null,null,null,null,null,null,null,null
null,null,null,null,null,null,null,null,null,null
null,null,null,null,null,null,null,null,null,null
null,null,null,null,null,null,null,null,null,null
null,null,null,null,null,null,null,null,null,null
null,null,null,null,null,null,null,null,null,null
null,null,null,null,null,null,null,null,null,null
null,null,null,null,null,null,null,null,null,null
null,null,null,null,null,null,null,null,null,null
null,null,null,null,null,null,null,null,null,null
null,null,null,null,null,null,null,null,null,null
null,null,null,null,null,null,null,null,null,null
null,null,null,null,null,null,null,null,null,null
null,null,null,null,null,null,null,null,null,null
null,null,null,null,null,null,null,null,null,null
null,null,null,null,null,null,null,null,null,null
null,null,null,null,null,null,null,null,null,null
null,null,null,null,null,null,null,null,null,null
null,null,null,null,null,null,null,null,null,null
null,null,null,null,null,null,null,null,null,null
null,null,null,null,null,null,null,null,null,null
null,null,null,null,null,null,null,null,null,null
null,null,null,null,null,null,null,null,null,null
null,null,null,null,null,null,null,null,null,null
null,null,null,null,null,null,null,null,null,null
null,null,null,null,null,null,null,null,null,null
null,null,null,null,null,null,null,null,null,null
null,null,null,null,null,null,null,null,null,null
null,null,null,null,null,null,null,null,null,null
null,null,null,null,null,null,null,null,null,null
null,null,null,null,null,null,null,null,null,null
null,null,null,null,null,null,null,null,null,null
null,null,null,null,null,null,null,null,null,null
null,null,null,null,null,null,null,null,null,null
null,null,null,null,null,null,null,null,null,null
null,null,null,null,null,null,null,null,null,null
null,null,null,null,null,null,null,null,null,null
null,null,null,null,null,null,null,null,null,null
null,null,null,null,null,null,null,null,null,null
null,null,null,null,null,null,null,null,null,null
null,null,null,null,null,null,null,null,null,null
null,null,null,null,null,null,null,null,null,null
null,null,null,null,null,null,null,null,null,null
null,null,null,null,null,null,null,null,null,null
null,null,null,null,null,null,null,null,null,null
null,null,null,null,null,null,null,null,null,null
null,null,null,null,null,null,null,null,null,null
null,null,null,null,null,null,null,null,null,null
null,null,null,null,null,null,null,null,null,null
null,null,null,null,null,null,null,null,null,null
null,null,null,null,null,null,null,null,null,null
null,null,null,null,null,null,null,null,null,null
null,null,null,null,null,null,null,null,null,null
null,null,null,null,null,null,null,null,null,null
null,null,null,null,null,null,null,null,null,null
null,null,null,null,null,null,null,15:36:40.436401100,null,null
null,null,null,null,null,null,null,null,null,null
null,null,null,null,null,null,null,null,null,null
null,null,null,null,null,null,null,null,null,null
null,null,null,null,null,null,null,null,null,null
null,null,null,null,null,null,null,null,null,null
null,null,null,null,null,null,null,null,null,null
null,null,null,null,null,null,null,null,null,null
null,null,null,null,null,null,null,null,null,null
null,null,null,null,null,null,null,null,null,null
null,null,null,null,null,null,null,null,null,null
null,null,null,null,null,null,null,null,null,null
null,null,null,null,null,15:36:41.757462100,null,null,null,null
null,null,null,null,null,null,null,null,null,null
null,null,null,null,null,null,null,null,null,null
null,null,null,null,null,null,null,null,null,null
null,null,null,null,null,null,null,null,null,null
null,null,null,null,null,null,null,null,null,null
null,null,null,null,null,null,null,15:36:42.324832,null,null
null,null,null,null,null,null,null,null,null,null
null,null,null,null,null,null,null,null,null,null
null,null,null,null,null,null,null,null,null,null
null,null,null,null,null,null,null,null,null,null
null,null,null,null,null,null,null,null,null,null
null,null,null,null,null,null,null,null,null,null
null,null,null,null,null,null,null,null,null,null
null,null,null,null,null,null,null,null,null,null
null,null,null,null,null,null,null,null,null,null
null,null,null,null,null,null,null,null,null,null
null,null,null,null,null,null,null,null,null,null
null,null,null,null,null,15:36:43.656106800,null,null,null,null
null,null,null,null,null,null,null,null,null,null
null,null,null,null,null,null,null,null,null,null
null,null,null,null,null,null,null,null,null,null
null,null,null,null,null,null,null,null,null,null
null,null,null,null,null,null,null,null,null,null
null,null,null,null,null,null,null,null,null,null
null,null,null,null,null,null,null,null,null,null
null,null,null,null,null,null,null,null,null,null
null,null,null,null,null,null,null,null,null,null
null,null,null,null,null,null,null,null,null,null
null,null,null,null,null,null,null,null,null,null
null,null,null,null,null,null,null,null,null,null
null,null,null,null,null,null,null,null,null,null
null,null,null,null,null,null,null,null,null,null
null,null,null,null,null,null,null,null,null,null
null,null,null,null,null,null,null,null,null,null
null,null,null,null,null,null,null,null,null,null
null,null,null,null,null,null,null,null,null,null
null,null,null,null,null,null,null,null,null,null
null,null,null,null,null,null,null,null,null,null
null,null,null,null,null,null,null,null,null,null
null,null,null,null,null,null,null,null,null,null
null,null,null,null,null,null,null,null,null,null
null,null,null,null,null,null,null,15:36:46.449579700,null,null
null,null,null,null,null,null,null,null,null,null
null,null,null,null,null,null,null,null,null,null
null,null,null,null,null,null,null,null,null,null
null,null,null,null,null,null,null,null,null,null
null,null,null,null,null,null,null,null,null,null
null,null,null,null,null,null,null,null,null,null
null,null,null,null,null,null,null,null,null,null
null,null,null,null,null,null,null,null,null,null
null,null,null,null,null,null,null,null,null,null
null,null,null,null,null,null,null,null,null,null
null,null,null,null,null,null,null,null,null,null
null,null,null,null,null,15:36:48.497369400,null,null,null,null
null,null,null,null,null,null,null,null,null,null
null,null,null,null,null,null,null,null,null,null
null,null,null,null,null,null,null,null,null,null
null,null,null,null,null,null,null,null,null,null
null,null,null,null,null,null,null,null,null,null
null,null,null,null,null,null,null,null,null,null
null,null,null,null,null,null,null,null,null,null
null,null,null,null,null,null,null,null,null,null
null,null,null,null,null,null,null,null,null,null
null,null,null,null,null,null,null,null,null,null
null,null,null,null,null,null,null,null,null,null
null,null,null,null,null,null,null,null,null,null
null,null,null,null,null,null,null,null,null,null
null,null,null,null,null,null,null,null,null,null
null,null,null,null,null,null,null,null,null,null
null,null,null,null,null,null,null,null,null,null
null,null,null,null,null,null,null,null,null,null
null,null,null,null,null,null,null,null,null,null
null,null,null,null,null,null,null,null,null,null
null,null,null,15:36:50.872940100,null,null,null,null,null,null
null,null,null,null,null,null,null,null,null,null
null,null,null,null,null,null,null,null,null,null
null,null,null,null,null,null,null,null,null,null
null,null,null,null,null,null,null,null,null,null
null,null,null,null,null,null,null,null,null,null
null,null,null,null,null,null,null,null,null,null
null,null,null,null,null,null,null,null,null,null
null,null,null,null,null,null,null,null,null,null
null,null,null,null,null,null,null,null,null,null
null,null,null,null,null,null,null,null,null,null
null,null,null,null,null,null,null,null,null,null
null,null,null,null,null,null,null,null,null,null
null,null,null,null,null,null,null,null,null,null
null,null,null,null,null,null,null,null,null,null
null,null,null,null,null,null,null,null,null,null
null,null,null,null,null,null,null,null,null,null
null,null,null,null,null,null,null,null,null,null
null,null,null,null,null,null,null,null,null,null
null,null,null,null,null,null,null,null,null,null
null,null,null,null,null,null,null,null,null,null
null,null,null,null,null,null,null,null,null,null
null,null,null,null,null,null,null,null,null,null
null,null,null,null,null,null,null,null,null,null
null,null,null,null,null,null,null,null,null,null
null,null,null,null,null,null,null,null,null,null
null,null,null,null,null,null,null,null,null,null
null,null,null,null,null,null,null,null,null,null
null,null,null,null,null,null,null,null,null,null
null,null,null,null,null,null,null,null,null,null
null,null,null,null,null,null,null,15:36:55.638838200,null,null
null,null,null,null,null,null,null,null,null,null
null,null,null,null,null,null,null,null,null,null
null,null,null,null,null,null,null,null,null,null
null,null,null,null,null,null,null,null,null,null
null,null,null,null,null,null,null,null,null,null
null,null,null,null,null,null,null,null,null,null
null,null,null,null,null,null,null,null,null,null
null,null,null,null,null,null,null,null,null,null
null,null,null,null,null,null,null,null,null,null
null,null,null,null,null,null,null,null,null,null
null,null,null,null,null,null,null,null,null,null
null,null,null,null,null,15:36:56.974323100,null,null,null,null
null,null,null,null,null,null,null,null,null,null
null,null,null,null,null,null,null,null,null,null
null,null,null,null,null,null,null,null,null,null
null,null,null,null,null,null,null,null,null,null
null,null,null,null,null,null,null,null,null,null
null,null,null,null,null,null,null,null,null,null
null,null,null,null,null,null,null,null,null,null
null,null,null,null,null,null,null,null,null,null
null,null,null,null,null,null,null,null,null,null
null,null,null,null,null,null,null,null,null,null
null,null,null,null,null,null,null,null,null,null
null,null,null,null,null,null,null,null,null,null
null,null,null,null,null,null,null,null,null,null
null,null,null,null,null,null,null,null,null,null
null,null,null,null,null,null,null,null,null,null
null,null,null,null,null,null,null,null,null,null
null,null,null,null,null,null,null,null,null,null
null,null,null,null,null,null,null,null,null,null
null,null,null,null,null,null,null,null,null,null
null,null,null,null,null,null,null,null,null,null
null,null,null,null,null,null,null,null,null,null
null,null,null,null,null,null,null,null,null,null
null,null,null,null,null,null,null,null,null,null
null,null,null,null,null,null,null,null,null,null
null,null,null,null,null,null,null,null,null,null
null,null,null,null,null,null,null,15:36:59.975812600,null,null
null,null,null,null,null,null,null,null,null,null
null,null,null,null,null,null,null,null,null,null
null,null,null,null,null,null,null,null,null,null
null,null,null,null,null,null,null,null,null,null
null,null,null,null,null,null,null,null,null,null
null,null,null,null,null,null,null,null,null,null
null,null,null,null,null,null,null,null,null,null
null,null,null,null,null,null,null,null,null,null
null,null,null,null,null,null,null,null,null,null
null,null,null,null,null,null,null,null,null,null
null,null,null,null,null,null,null,null,null,null
null,null,null,null,null,15:37:01.284593400,null,null,null,null
null,null,null,null,null,null,null,null,null,null
null,null,null,null,null,null,null,null,null,null
null,null,null,null,null,null,null,null,null,null
null,null,null,null,null,null,null,null,null,null
null,null,null,null,null,null,null,null,null,null
null,null,null,null,null,null,null,null,null,null
null,null,null,null,null,null,null,null,null,null
null,null,null,null,null,null,null,null,null,null
null,null,null,null,null,null,null,null,null,null
null,null,null,null,null,null,null,null,null,null
null,null,null,null,null,null,null,null,null,null
null,null,null,null,null,null,null,null,null,null
null,null,null,null,null,null,null,null,null,null
null,null,null,null,null,null,null,null,null,null
null,null,null,null,null,null,null,null,null,null
null,null,null,null,null,null,null,null,null,null
null,null,null,null,null,null,null,null,null,null
null,null,null,null,null,null,null,null,null,null
null,null,null,null,null,null,null,null,null,null
null,null,null,null,null,null,null,null,null,null
null,null,null,null,null,null,null,null,null,null
null,null,null,null,null,null,null,null,null,null
null,null,null,null,null,null,null,null,null,null
null,null,null,null,null,null,null,null,null,null
null,null,null,null,null,null,null,null,null,null
null,null,null,null,null,null,null,15:37:04.271086600,null,null
null,null,null,null,null,null,null,null,null,null
null,null,null,null,null,null,null,null,null,null
null,null,null,null,null,null,null,null,null,null
null,null,null,null,null,null,null,null,null,null
null,null,null,null,null,null,null,null,null,null
null,null,null,null,null,null,null,null,null,null
null,null,null,null,null,null,null,null,null,null
null,null,null,null,null,null,null,null,null,null
null,null,null,null,null,null,null,null,null,null
null,null,null,null,null,null,null,null,null,null
null,null,null,null,null,null,null,null,null,null
null,null,null,null,null,15:37:06.251940900,null,null,null,null
null,null,null,null,null,null,null,null,null,null
null,null,null,null,null,null,null,null,null,null
null,null,null,null,null,null,null,null,null,null
null,null,null,null,null,null,null,null,null,null
null,null,null,null,null,null,null,null,null,null
null,null,null,null,null,null,null,null,null,null
null,null,null,null,null,null,null,null,null,null
null,null,null,null,null,null,null,null,null,null
null,null,null,null,null,null,null,null,null,null
null,null,null,null,null,null,null,null,null,null
null,null,null,null,null,null,null,null,null,null
null,null,null,null,null,null,null,null,null,null
null,null,null,null,null,null,null,null,null,null
null,null,null,null,null,null,null,null,null,null
null,null,null,null,null,null,null,null,null,null
null,null,null,null,null,null,null,null,null,null
null,null,null,null,null,null,null,null,null,null
null,null,null,null,15:37:08.334276400,null,null,null,null,null
null,null,null,null,null,null,null,null,null,null
null,null,null,null,null,null,null,null,null,null
null,null,null,null,null,null,null,null,null,null
null,null,null,null,null,null,null,null,null,null
null,null,null,null,null,null,null,null,null,null
null,null,null,null,null,null,null,null,null,null
null,null,null,null,null,null,null,null,null,null
null,null,null,null,null,null,null,null,null,null
null,null,null,null,null,null,null,null,null,null
null,null,null,null,null,null,null,null,null,null
null,null,null,null,null,null,null,null,null,null
null,null,null,null,null,null,null,null,null,null
null,null,null,null,null,null,null,null,null,null
null,null,null,null,null,null,null,null,null,null
null,null,null,null,null,null,null,null,null,null
null,null,null,null,null,null,null,null,null,null
null,null,null,null,null,null,null,null,null,null
null,null,null,null,null,null,null,null,null,null
null,null,null,null,null,null,null,null,null,null
null,null,null,null,null,null,null,null,null,null
null,null,null,null,null,null,null,null,null,null
null,null,null,null,null,null,null,null,null,null
null,null,null,null,null,null,null,null,null,null
null,null,null,null,null,null,null,null,null,null
null,null,null,null,null,null,null,null,null,null
null,null,null,null,null,null,null,null,null,null
null,null,null,null,null,null,null,null,null,null
null,null,null,null,null,null,null,null,null,null
null,null,null,null,null,null,null,null,null,null
null,null,null,null,null,null,null,null,null,null
null,null,null,null,null,null,null,null,null,null
null,null,null,null,null,null,null,null,null,null
null,null,null,null,null,null,null,null,null,null
null,null,null,null,null,null,null,null,null,null
null,null,null,null,null,null,null,null,null,null
null,null,null,null,null,null,null,null,null,null
null,null,null,null,null,null,null,null,null,null
null,null,null,null,null,null,null,null,null,null
null,null,null,null,null,null,15:37:14.231523500,null,null,null
